listening: Launchkey Mini MK4 25 MIDI Out
resolve:   C0123.MP4 | node 1/3
  node 1: OFX: Color Space Transform, Saturation, Hue & Lum Mix [OFX/LUT present]  <-- target
  node 2: Noise Reduction
  node 3: OFX: Color Space Transform, LUT: disp_t1_i04_C0123, Saturation, Hue & Lum Mix [OFX/LUT present]
  ! target node contains an OFX - CDL lands BEFORE it in that node's chain
  unbound ('note', 9, 48) 15
  unbound ('note', 9, 48) 0
  unbound ('note', 9, 48) 17
  unbound ('note', 9, 48) 0
  unbound ('note', 9, 48) 23
  unbound ('note', 9, 48) 0
  unbound ('note', 9, 48) 29
  unbound ('note', 9, 48) 0
  unbound ('note', 9, 48) 37
  unbound ('note', 9, 48) 0
  unbound ('note', 9, 48) 23
  unbound ('note', 9, 48) 0
  unbound ('note', 9, 48) 56
  unbound ('note', 9, 48) 0
  unbound ('note', 9, 48) 32
  unbound ('note', 9, 48) 0
  unbound ('note', 9, 48) 30
  unbound ('note', 9, 48) 0
  unbound ('note', 9, 48) 40
  unbound ('note', 9, 48) 0
  unbound ('note', 9, 48) 35
  unbound ('note', 9, 48) 0
  unbound ('note', 9, 48) 58
  unbound ('note', 9, 48) 0
  unbound ('note', 9, 48) 74
  unbound ('note', 9, 48) 0
  unbound ('note', 9, 48) 58
  unbound ('note', 9, 48) 0
  unbound ('note', 9, 48) 20
  unbound ('note', 9, 48) 0
listening: Launchkey Mini MK4 25 MIDI Out
resolve:   C0123.MP4 | node 1/3
  node 1: OFX: Color Space Transform, Saturation, Hue & Lum Mix [OFX/LUT present]  <-- target
  node 2: Noise Reduction
  node 3: OFX: Color Space Transform, LUT: disp_t1_i04_C0123, Saturation, Hue & Lum Mix [OFX/LUT present]
  ! target node contains an OFX - CDL lands BEFORE it in that node's chain
  ! no drx at /Users/lucky/Pictures/resolve-midi/presets/cst-slog3-to-rec709.drx - capture one first: ./rmidi.sh save-drx
  grade.drx.1 -> node False/3
  ! no drx at /Users/lucky/Pictures/resolve-midi/presets/cst-slog3-to-rec709.drx - capture one first: ./rmidi.sh save-drx
  grade.drx.1 -> node False/3
  ! no drx at /Users/lucky/Pictures/resolve-midi/presets/cst-slog3-to-rec709.drx - capture one first: ./rmidi.sh save-drx
  grade.drx.1 -> node False/3
  ! no drx at /Users/lucky/Pictures/resolve-midi/presets/cst-slog3-to-rec709.drx - capture one first: ./rmidi.sh save-drx
  grade.drx.1 -> node False/0
  ! no drx at /Users/lucky/Pictures/resolve-midi/presets/cst-slog3-to-rec709.drx - capture one first: ./rmidi.sh save-drx
  grade.drx.1 -> node False/0
  ! no drx at /Users/lucky/Pictures/resolve-midi/presets/cst-slog3-to-rec709.drx - capture one first: ./rmidi.sh save-drx
  grade.drx.1 -> node False/0
  ! no drx at /Users/lucky/Pictures/resolve-midi/presets/cst-slog3-to-rec709.drx - capture one first: ./rmidi.sh save-drx
  grade.drx.1 -> node False/0
  unbound ('note', 9, 50) 122
  unbound ('note', 9, 50) 0
  unbound ('note', 9, 52) 109
  unbound ('note', 9, 52) 0
  ! no drx at /Users/lucky/Pictures/resolve-midi/presets/cst-slog3-to-rec709.drx - capture one first: ./rmidi.sh save-drx
  grade.drx.1 -> node False/0
  unbound ('note', 9, 50) 26
  unbound ('note', 9, 50) 0
  ! no drx at /Users/lucky/Pictures/resolve-midi/presets/cst-slog3-to-rec709.drx - capture one first: ./rmidi.sh save-drx
  grade.drx.1 -> node False/0
  ! no drx at /Users/lucky/Pictures/resolve-midi/presets/cst-slog3-to-rec709.drx - capture one first: ./rmidi.sh save-drx
  grade.drx.1 -> node False/0
  ! no drx at /Users/lucky/Pictures/resolve-midi/presets/cst-slog3-to-rec709.drx - capture one first: ./rmidi.sh save-drx
  grade.drx.1 -> node False/0
  ! no drx at /Users/lucky/Pictures/resolve-midi/presets/cst-slog3-to-rec709.drx - capture one first: ./rmidi.sh save-drx
  grade.drx.1 -> node False/0
listening: Launchkey Mini MK4 25 MIDI Out
resolve:   C0117.MP4 | node 1/0
  ! current clip IS the master - nothing to do
  grade.master.1 -> node False/0
  ! current clip IS the master - nothing to do
  grade.master.1 -> node False/0
  ! current clip IS the master - nothing to do
  grade.master.1 -> node False/0
  ! current clip IS the master - nothing to do
  grade.master.1 -> node False/0
  ! current clip IS the master - nothing to do
  grade.master.1 -> node False/0
  ! current clip IS the master - nothing to do
  grade.master.1 -> node False/0
  ! current clip IS the master - nothing to do
  grade.master.1 -> node False/0
  ! current clip IS the master - nothing to do
  grade.master.1 -> node False/0
  ! current clip IS the master - nothing to do
  grade.master.1 -> node False/0
  ! current clip IS the master - nothing to do
  grade.master.1 -> node False/0
  ! current clip IS the master - nothing to do
  grade.master.1 -> node False/0
  ! current clip IS the master - nothing to do
  grade.master.1 -> node False/0
  ! current clip IS the master - nothing to do
  grade.master.1 -> node False/0
  unbound ('note', 9, 50) 34
  unbound ('note', 9, 50) 0
  unbound ('note', 9, 50) 55
  unbound ('note', 9, 50) 0
  unbound ('note', 9, 50) 92
  unbound ('note', 9, 50) 0
  unbound ('note', 9, 52) 65
  unbound ('note', 9, 52) 0
  unbound ('note', 9, 52) 58
  unbound ('note', 9, 52) 0
  unbound ('note', 9, 53) 54
  unbound ('note', 9, 52) 48
  unbound ('note', 9, 52) 0
  unbound ('note', 9, 53) 0
  unbound ('note', 9, 53) 45
  unbound ('note', 9, 52) 42
  unbound ('note', 9, 52) 0
  unbound ('note', 9, 53) 0
  ! current clip IS the master - nothing to do
  grade.master.1 -> node False/0
  ! current clip IS the master - nothing to do
  grade.master.1 -> node False/0
  unbound ('note', 9, 38) 22
  unbound ('note', 9, 38) 0
  unbound ('note', 9, 38) 56
  unbound ('note', 9, 38) 0
  ! current clip IS the master - nothing to do
  grade.master.1 -> node False/0
  ! current clip IS the master - nothing to do
  grade.master.1 -> node False/0
  unbound ('note', 9, 50) 53
  unbound ('note', 9, 50) 0
  unbound ('note', 9, 50) 66
  unbound ('note', 9, 50) 0
  ! current clip IS the master - nothing to do
  grade.master.1 -> node False/0
  [backup] gallery still grabbed - right-click it -> Apply Grade to restore
  [master 1] applied C0117.MP4 -> 0 nodes
  grade.master.1 -> node True/0
  [master 1] applied C0117.MP4 -> 0 nodes
  grade.master.1 -> node True/0
  [master 1] applied C0117.MP4 -> 0 nodes
  grade.master.1 -> node True/0
  [master 1] applied C0117.MP4 -> 0 nodes
  grade.master.1 -> node True/0
  [master 1] applied C0117.MP4 -> 0 nodes
  grade.master.1 -> node True/0
  [master 1] applied C0117.MP4 -> 0 nodes
  grade.master.1 -> node True/0
  [master 1] applied C0117.MP4 -> 0 nodes
  grade.master.1 -> node True/0
  [master 1] applied C0117.MP4 -> 0 nodes
  grade.master.1 -> node True/0
  [master 1] applied C0117.MP4 -> 0 nodes
  grade.master.1 -> node True/0
  [master 1] applied C0117.MP4 -> 0 nodes
  grade.master.1 -> node True/0
  [master 1] applied C0117.MP4 -> 0 nodes
  grade.master.1 -> node True/0
  [master 1] applied C0117.MP4 -> 0 nodes
  grade.master.1 -> node True/0
  [master 1] applied C0117.MP4 -> 0 nodes
  grade.master.1 -> node True/0
  [master 1] applied C0117.MP4 -> 0 nodes
  grade.master.1 -> node True/0
  [master 1] applied C0117.MP4 -> 0 nodes
  grade.master.1 -> node True/0
  [master 1] applied C0117.MP4 -> 0 nodes
  grade.master.1 -> node True/0
  [master 1] applied C0117.MP4 -> 0 nodes
  grade.master.1 -> node True/0
  [master 1] applied C0117.MP4 -> 0 nodes
  grade.master.1 -> node True/0
listening: Launchkey Mini MK4 25 MIDI Out
resolve:   C0123.MP4 | node 1/0
  ! no master in slot 1 - set one: ./rmidi.sh set-master --slot 1
  grade.master.1 -> node False/0
  ! no master in slot 1 - set one: ./rmidi.sh set-master --slot 1
  grade.master.1 -> node False/0
  ! no master in slot 1 - set one: ./rmidi.sh set-master --slot 1
  grade.master.1 -> node False/0
  ! no master in slot 1 - set one: ./rmidi.sh set-master --slot 1
  grade.master.1 -> node False/0
  ! no master in slot 1 - set one: ./rmidi.sh set-master --slot 1
  grade.master.1 -> node False/0
  unbound ('note', 9, 50) 88
  unbound ('note', 9, 50) 0
  unbound ('note', 9, 50) 21
  unbound ('note', 9, 52) 28
  unbound ('note', 9, 52) 0
  unbound ('note', 9, 50) 0
  unbound ('note', 9, 52) 42
  unbound ('note', 9, 52) 0
  ! no master in slot 1 - set one: ./rmidi.sh set-master --slot 1
  grade.master.1 -> node False/0
  ! no master in slot 1 - set one: ./rmidi.sh set-master --slot 1
  grade.master.1 -> node False/0
  ! no master in slot 1 - set one: ./rmidi.sh set-master --slot 1
  grade.master.1 -> node False/0
  ! no master in slot 1 - set one: ./rmidi.sh set-master --slot 1
  grade.master.1 -> node False/0
  ! no master in slot 1 - set one: ./rmidi.sh set-master --slot 1
  grade.master.1 -> node False/0
  ! no master in slot 1 - set one: ./rmidi.sh set-master --slot 1
  grade.master.1 -> node False/0
  ! no master in slot 1 - set one: ./rmidi.sh set-master --slot 1
  grade.master.1 -> node False/3
  ! no master in slot 1 - set one: ./rmidi.sh set-master --slot 1
  grade.master.1 -> node False/3
  ! no master in slot 1 - set one: ./rmidi.sh set-master --slot 1
  grade.master.1 -> node False/3
  ! no master in slot 1 - set one: ./rmidi.sh set-master --slot 1
  grade.master.1 -> node False/3
listening: Launchkey Mini MK4 25 MIDI Out
resolve:   C0123.MP4 | node 1/3
  node 1: OFX: Color Space Transform, Saturation, Hue & Lum Mix [OFX/LUT present]  <-- target
  node 2: Noise Reduction
  node 3: OFX: Color Space Transform, LUT: disp_t1_i04_C0123 [OFX/LUT present]
  ! target node contains an OFX - CDL lands BEFORE it in that node's chain
  ! no master in slot 1 - set one: ./rmidi.sh set-master --slot 1
  grade.master.1 -> node False/0
  ! no master in slot 1 - set one: ./rmidi.sh set-master --slot 1
  grade.master.1 -> node False/0
  ! no master in slot 1 - set one: ./rmidi.sh set-master --slot 1
  grade.master.1 -> node False/0
  ! no master in slot 1 - set one: ./rmidi.sh set-master --slot 1
  grade.master.1 -> node False/0
  ! no master in slot 1 - set one: ./rmidi.sh set-master --slot 1
  grade.master.1 -> node False/0
  ! no master in slot 1 - set one: ./rmidi.sh set-master --slot 1
  grade.master.1 -> node False/0
  ! no master in slot 1 - set one: ./rmidi.sh set-master --slot 1
  grade.master.1 -> node False/0
  ! no master in slot 1 - set one: ./rmidi.sh set-master --slot 1
  grade.master.1 -> node False/0
  ! no master in slot 1 - set one: ./rmidi.sh set-master --slot 1
  grade.master.1 -> node False/0
  ! no master in slot 1 - set one: ./rmidi.sh set-master --slot 1
  grade.master.1 -> node False/0
  ! no master in slot 1 - set one: ./rmidi.sh set-master --slot 1
  grade.master.1 -> node False/0
  ! no master in slot 1 - set one: ./rmidi.sh set-master --slot 1
  grade.master.1 -> node False/0
  ! no master in slot 1 - set one: ./rmidi.sh set-master --slot 1
  grade.master.1 -> node False/0
  ! no master in slot 1 - set one: ./rmidi.sh set-master --slot 1
  grade.master.1 -> node False/0
  ! no master in slot 1 - set one: ./rmidi.sh set-master --slot 1
  grade.master.1 -> node False/0
  ! no master in slot 1 - set one: ./rmidi.sh set-master --slot 1
  grade.master.1 -> node False/0
  ! no master in slot 1 - set one: ./rmidi.sh set-master --slot 1
  grade.master.1 -> node False/0
  ! no master in slot 1 - set one: ./rmidi.sh set-master --slot 1
  grade.master.1 -> node False/0
  ! no master in slot 1 - set one: ./rmidi.sh set-master --slot 1
  grade.master.1 -> node False/0
  ! no master in slot 1 - set one: ./rmidi.sh set-master --slot 1
  grade.master.1 -> node False/0
  ! no master in slot 1 - set one: ./rmidi.sh set-master --slot 1
  grade.master.1 -> node False/0
  ! no master in slot 1 - set one: ./rmidi.sh set-master --slot 1
  grade.master.1 -> node False/0
  ! no master in slot 1 - set one: ./rmidi.sh set-master --slot 1
  grade.master.1 -> node False/0
  ! no master in slot 1 - set one: ./rmidi.sh set-master --slot 1
  grade.master.1 -> node False/0
  ! no master in slot 1 - set one: ./rmidi.sh set-master --slot 1
  grade.master.1 -> node False/0
  ! no master in slot 1 - set one: ./rmidi.sh set-master --slot 1
  grade.master.1 -> node False/0
  ! no master in slot 1 - set one: ./rmidi.sh set-master --slot 1
  grade.master.1 -> node False/0
  ! no master in slot 1 - set one: ./rmidi.sh set-master --slot 1
  grade.master.1 -> node False/0
  ! no master in slot 1 - set one: ./rmidi.sh set-master --slot 1
  grade.master.1 -> node False/0
  ! no master in slot 1 - set one: ./rmidi.sh set-master --slot 1
  grade.master.1 -> node False/0
  ! no master in slot 1 - set one: ./rmidi.sh set-master --slot 1
  grade.master.1 -> node False/0
  ! no master in slot 1 - set one: ./rmidi.sh set-master --slot 1
  grade.master.1 -> node False/0
  unbound ('cc', 9, 1) 2
  unbound ('cc', 9, 1) 3
  unbound ('cc', 9, 1) 4
  unbound ('cc', 9, 1) 5
  unbound ('cc', 9, 1) 6
  unbound ('cc', 9, 1) 9
  unbound ('cc', 9, 1) 10
  unbound ('cc', 9, 1) 11
  unbound ('cc', 9, 1) 28
  unbound ('cc', 9, 1) 29
  unbound ('cc', 9, 1) 30
  unbound ('cc', 9, 1) 42
  unbound ('cc', 9, 1) 63
  unbound ('cc', 9, 1) 71
  unbound ('cc', 9, 1) 74
  unbound ('cc', 9, 1) 77
  unbound ('cc', 9, 1) 78
  unbound ('cc', 9, 1) 80
  unbound ('cc', 9, 1) 92
  unbound ('cc', 9, 1) 94
  unbound ('cc', 9, 1) 97
  unbound ('cc', 9, 1) 99
  unbound ('cc', 9, 1) 100
  unbound ('cc', 9, 1) 102
  unbound ('cc', 9, 1) 111
  unbound ('cc', 9, 1) 113
  unbound ('cc', 9, 1) 115
  unbound ('cc', 9, 1) 117
  unbound ('cc', 9, 1) 119
  unbound ('cc', 9, 1) 121
  unbound ('cc', 9, 1) 122
  unbound ('cc', 9, 1) 123
  unbound ('cc', 9, 1) 124
  unbound ('cc', 9, 1) 125
  unbound ('cc', 9, 1) 126
  unbound ('cc', 9, 1) 127
  unbound ('cc', 9, 1) 126
  unbound ('cc', 9, 1) 124
  unbound ('cc', 9, 1) 122
  unbound ('cc', 9, 1) 120
  unbound ('cc', 9, 1) 118
  unbound ('cc', 9, 1) 117
  unbound ('cc', 9, 1) 116
  unbound ('cc', 9, 1) 106
  unbound ('cc', 9, 1) 85
  unbound ('cc', 9, 1) 73
  unbound ('cc', 9, 1) 63
  unbound ('cc', 9, 1) 55
  unbound ('cc', 9, 1) 53
  unbound ('cc', 9, 1) 51
  unbound ('cc', 9, 1) 50
  unbound ('cc', 9, 1) 35
  unbound ('cc', 9, 1) 32
  unbound ('cc', 9, 1) 29
  unbound ('cc', 9, 1) 27
  unbound ('cc', 9, 1) 26
  unbound ('cc', 9, 1) 25
  unbound ('cc', 9, 1) 24
  unbound ('cc', 9, 1) 15
  unbound ('cc', 9, 1) 14
  unbound ('cc', 9, 1) 15
  unbound ('cc', 9, 1) 16
  unbound ('cc', 9, 1) 15
  unbound ('pitch', 9, 0) 
  unbound ('pitch', 9, 0) 
  unbound ('pitch', 9, 0) 
  unbound ('pitch', 9, 0) 
  unbound ('pitch', 9, 0) 
  unbound ('pitch', 9, 0) 
  unbound ('pitch', 9, 0) 
  unbound ('pitch', 9, 0) 
  unbound ('pitch', 9, 0) 
  unbound ('pitch', 9, 0) 
  unbound ('pitch', 9, 0) 
  unbound ('pitch', 9, 0) 
  unbound ('pitch', 9, 0) 
  unbound ('pitch', 9, 0) 
  unbound ('pitch', 9, 0) 
  unbound ('pitch', 9, 0) 
  unbound ('pitch', 9, 0) 
  unbound ('pitch', 9, 0) 
  unbound ('pitch', 9, 0) 
  unbound ('pitch', 9, 0) 
  unbound ('pitch', 9, 0) 
  unbound ('pitch', 9, 0) 
  unbound ('pitch', 9, 0) 
  unbound ('pitch', 9, 0) 
  unbound ('pitch', 9, 0) 
  unbound ('pitch', 9, 0) 
  unbound ('pitch', 9, 0) 
  unbound ('pitch', 9, 0) 
  unbound ('pitch', 9, 0) 
  unbound ('pitch', 9, 0) 
  unbound ('pitch', 9, 0) 
  unbound ('pitch', 9, 0) 
  unbound ('pitch', 9, 0) 
  unbound ('pitch', 9, 0) 
  unbound ('pitch', 9, 0) 
  unbound ('pitch', 9, 0) 
  unbound ('pitch', 9, 0) 
  unbound ('pitch', 9, 0) 
  unbound ('pitch', 9, 0) 
  unbound ('pitch', 9, 0) 
  unbound ('pitch', 9, 0) 
  unbound ('cc', 9, 1) 4
  unbound ('cc', 9, 1) 5
  unbound ('cc', 9, 1) 6
  unbound ('cc', 9, 1) 9
  unbound ('cc', 9, 1) 10
  unbound ('cc', 9, 1) 11
  unbound ('cc', 9, 1) 12
  unbound ('cc', 9, 1) 19
  unbound ('cc', 9, 1) 28
  unbound ('cc', 9, 1) 29
  unbound ('cc', 9, 1) 32
  unbound ('cc', 9, 1) 33
  unbound ('cc', 9, 1) 53
  unbound ('cc', 9, 1) 55
  unbound ('cc', 9, 1) 57
  unbound ('cc', 9, 1) 72
  unbound ('cc', 9, 1) 75
  unbound ('cc', 9, 1) 76
  unbound ('cc', 9, 1) 77
  unbound ('cc', 9, 1) 94
  unbound ('cc', 9, 1) 97
  unbound ('cc', 9, 1) 99
  unbound ('cc', 9, 1) 102
  unbound ('cc', 9, 1) 106
  unbound ('cc', 9, 1) 109
  unbound ('cc', 9, 1) 110
  unbound ('cc', 9, 1) 109
  unbound ('cc', 9, 1) 108
  unbound ('cc', 9, 1) 104
  unbound ('cc', 9, 1) 101
  unbound ('cc', 9, 1) 100
  unbound ('cc', 9, 1) 97
  unbound ('cc', 9, 1) 106
  unbound ('cc', 9, 1) 73
  unbound ('cc', 9, 1) 72
  unbound ('cc', 9, 1) 53
  unbound ('cc', 9, 1) 50
  unbound ('cc', 9, 1) 49
  unbound ('cc', 9, 1) 33
  unbound ('cc', 9, 1) 29
  unbound ('cc', 9, 1) 27
  unbound ('cc', 9, 1) 26
  unbound ('cc', 9, 1) 25
  unbound ('cc', 9, 1) 19
  unbound ('cc', 9, 1) 14
  unbound ('cc', 9, 1) 13
  unbound ('cc', 9, 1) 14
  unbound ('pitch', 9, 0) 
  unbound ('pitch', 9, 0) 
  unbound ('pitch', 9, 0) 
  unbound ('pitch', 9, 0) 
  unbound ('pitch', 9, 0) 
  unbound ('pitch', 9, 0) 
  unbound ('pitch', 9, 0) 
  unbound ('pitch', 9, 0) 
  unbound ('pitch', 9, 0) 
  unbound ('pitch', 9, 0) 
  unbound ('pitch', 9, 0) 
  unbound ('pitch', 9, 0) 
  unbound ('pitch', 9, 0) 
  unbound ('pitch', 9, 0) 
  unbound ('pitch', 9, 0) 
  unbound ('pitch', 9, 0) 
  unbound ('pitch', 9, 0) 
  unbound ('pitch', 9, 0) 
  unbound ('pitch', 9, 0) 
  unbound ('pitch', 9, 0) 
  unbound ('pitch', 9, 0) 
  unbound ('pitch', 9, 0) 
  unbound ('pitch', 9, 0) 
  unbound ('pitch', 9, 0) 
  unbound ('pitch', 9, 0) 
  unbound ('pitch', 9, 0) 
  unbound ('pitch', 9, 0) 
  unbound ('pitch', 9, 0) 
  unbound ('pitch', 9, 0) 
  unbound ('pitch', 9, 0) 
  unbound ('pitch', 9, 0) 
  unbound ('pitch', 9, 0) 
  unbound ('pitch', 9, 0) 
  unbound ('pitch', 9, 0) 
  unbound ('pitch', 9, 0) 
  unbound ('pitch', 9, 0) 
  unbound ('pitch', 9, 0) 
  unbound ('pitch', 9, 0) 
  unbound ('pitch', 9, 0) 
  unbound ('pitch', 9, 0) 
  unbound ('pitch', 9, 0) 
  unbound ('pitch', 9, 0) 
  unbound ('pitch', 9, 0) 
  unbound ('pitch', 9, 0) 
  unbound ('pitch', 9, 0) 
  unbound ('pitch', 9, 0) 
  unbound ('pitch', 9, 0) 
  unbound ('pitch', 9, 0) 
  unbound ('pitch', 9, 0) 
  unbound ('pitch', 9, 0) 
  unbound ('pitch', 9, 0) 
  unbound ('pitch', 9, 0) 
  unbound ('pitch', 9, 0) 
  unbound ('pitch', 9, 0) 
  unbound ('pitch', 9, 0) 
  unbound ('pitch', 9, 0) 
  unbound ('pitch', 9, 0) 
  unbound ('pitch', 9, 0) 
  unbound ('pitch', 9, 0) 
  unbound ('pitch', 9, 0) 
  unbound ('pitch', 9, 0) 
  unbound ('pitch', 9, 0) 
  unbound ('pitch', 9, 0) 
  unbound ('pitch', 9, 0) 
  unbound ('pitch', 9, 0) 
  unbound ('pitch', 9, 0) 
  unbound ('pitch', 9, 0) 
  unbound ('pitch', 9, 0) 
  unbound ('pitch', 9, 0) 
  unbound ('pitch', 9, 0) 
  unbound ('pitch', 9, 0) 
  unbound ('pitch', 9, 0) 
  unbound ('pitch', 9, 0) 
  unbound ('pitch', 9, 0) 
  unbound ('pitch', 9, 0) 
  unbound ('pitch', 9, 0) 
  unbound ('pitch', 9, 0) 
  unbound ('pitch', 9, 0) 
  unbound ('pitch', 9, 0) 
  unbound ('pitch', 9, 0) 
  unbound ('pitch', 9, 0) 
  unbound ('pitch', 9, 0) 
  unbound ('pitch', 9, 0) 
  unbound ('pitch', 9, 0) 
  unbound ('pitch', 9, 0) 
  unbound ('pitch', 9, 0) 
  unbound ('pitch', 9, 0) 
  unbound ('pitch', 9, 0) 
  unbound ('pitch', 9, 0) 
  unbound ('pitch', 9, 0) 
  unbound ('pitch', 9, 0) 
  unbound ('pitch', 9, 0) 
  unbound ('pitch', 9, 0) 
  unbound ('pitch', 9, 0) 
  unbound ('pitch', 9, 0) 
  unbound ('pitch', 9, 0) 
  unbound ('pitch', 9, 0) 
  unbound ('pitch', 9, 0) 
  unbound ('pitch', 9, 0) 
  unbound ('pitch', 9, 0) 
  unbound ('pitch', 9, 0) 
  unbound ('pitch', 9, 0) 
  unbound ('pitch', 9, 0) 
  unbound ('pitch', 9, 0) 
  unbound ('pitch', 9, 0) 
  unbound ('pitch', 9, 0) 
  unbound ('pitch', 9, 0) 
  unbound ('pitch', 9, 0) 
  unbound ('pitch', 9, 0) 
  unbound ('pitch', 9, 0) 
  unbound ('pitch', 9, 0) 
  unbound ('pitch', 9, 0) 
  unbound ('pitch', 9, 0) 
  unbound ('pitch', 9, 0) 
  unbound ('pitch', 9, 0) 
  unbound ('pitch', 9, 0) 
  unbound ('pitch', 9, 0) 
  unbound ('pitch', 9, 0) 
  unbound ('pitch', 9, 0) 
  unbound ('pitch', 9, 0) 
  unbound ('pitch', 9, 0) 
  unbound ('pitch', 9, 0) 
  unbound ('pitch', 9, 0) 
  unbound ('pitch', 9, 0) 
  unbound ('pitch', 9, 0) 
  unbound ('pitch', 9, 0) 
  unbound ('pitch', 9, 0) 
  unbound ('pitch', 9, 0) 
  unbound ('pitch', 9, 0) 
  unbound ('pitch', 9, 0) 
  unbound ('pitch', 9, 0) 
  unbound ('pitch', 9, 0) 
  unbound ('pitch', 9, 0) 
  unbound ('pitch', 9, 0) 
  unbound ('pitch', 9, 0) 
  unbound ('pitch', 9, 0) 
  unbound ('pitch', 9, 0) 
  unbound ('pitch', 9, 0) 
  unbound ('pitch', 9, 0) 
  unbound ('pitch', 9, 0) 
  unbound ('pitch', 9, 0) 
  unbound ('pitch', 9, 0) 
  unbound ('pitch', 9, 0) 
  unbound ('pitch', 9, 0) 
  unbound ('pitch', 9, 0) 
  unbound ('pitch', 9, 0) 
  unbound ('pitch', 9, 0) 
  unbound ('pitch', 9, 0) 
  unbound ('pitch', 9, 0) 
  unbound ('pitch', 9, 0) 
  unbound ('pitch', 9, 0) 
  unbound ('pitch', 9, 0) 
  unbound ('pitch', 9, 0) 
  unbound ('pitch', 9, 0) 
  unbound ('pitch', 9, 0) 
  unbound ('pitch', 9, 0) 
  unbound ('pitch', 9, 0) 
  unbound ('pitch', 9, 0) 
  unbound ('pitch', 9, 0) 
  unbound ('pitch', 9, 0) 
  unbound ('pitch', 9, 0) 
  unbound ('pitch', 9, 0) 
  unbound ('pitch', 9, 0) 
  unbound ('pitch', 9, 0) 
  unbound ('pitch', 9, 0) 
  unbound ('pitch', 9, 0) 
  unbound ('pitch', 9, 0) 
  unbound ('pitch', 9, 0) 
  unbound ('pitch', 9, 0) 
  unbound ('pitch', 9, 0) 
  unbound ('pitch', 9, 0) 
  unbound ('pitch', 9, 0) 
  unbound ('pitch', 9, 0) 
  unbound ('pitch', 9, 0) 
  unbound ('pitch', 9, 0) 
  unbound ('pitch', 9, 0) 
  unbound ('pitch', 9, 0) 
  unbound ('pitch', 9, 0) 
  unbound ('pitch', 9, 0) 
  unbound ('pitch', 9, 0) 
  unbound ('pitch', 9, 0) 
  unbound ('pitch', 9, 0) 
  unbound ('pitch', 9, 0) 
  unbound ('pitch', 9, 0) 
  unbound ('pitch', 9, 0) 
  unbound ('pitch', 9, 0) 
  unbound ('pitch', 9, 0) 
  unbound ('pitch', 9, 0) 
  unbound ('pitch', 9, 0) 
  unbound ('pitch', 9, 0) 
  unbound ('pitch', 9, 0) 
  unbound ('pitch', 9, 0) 
  unbound ('pitch', 9, 0) 
  unbound ('pitch', 9, 0) 
  unbound ('pitch', 9, 0) 
  unbound ('pitch', 9, 0) 
  unbound ('pitch', 9, 0) 
  unbound ('pitch', 9, 0) 
  unbound ('pitch', 9, 0) 
  unbound ('pitch', 9, 0) 
  unbound ('pitch', 9, 0) 
  unbound ('pitch', 9, 0) 
  unbound ('pitch', 9, 0) 
  unbound ('pitch', 9, 0) 
  unbound ('pitch', 9, 0) 
  unbound ('pitch', 9, 0) 
  unbound ('pitch', 9, 0) 
  unbound ('pitch', 9, 0) 
  unbound ('pitch', 9, 0) 
  unbound ('pitch', 9, 0) 
  unbound ('pitch', 9, 0) 
  unbound ('pitch', 9, 0) 
  unbound ('pitch', 9, 0) 
  unbound ('pitch', 9, 0) 
  unbound ('pitch', 9, 0) 
  unbound ('pitch', 9, 0) 
  unbound ('pitch', 9, 0) 
  unbound ('cc', 9, 1) 81
  unbound ('cc', 9, 1) 79
  unbound ('cc', 9, 1) 76
  unbound ('cc', 9, 1) 73
  unbound ('cc', 9, 1) 70
  unbound ('cc', 9, 1) 68
  unbound ('cc', 9, 1) 63
  unbound ('cc', 9, 1) 57
  unbound ('cc', 9, 1) 54
  unbound ('cc', 9, 1) 51
  unbound ('cc', 9, 1) 50
  unbound ('cc', 9, 1) 42
  unbound ('cc', 9, 1) 33
  unbound ('cc', 9, 1) 29
  unbound ('cc', 9, 1) 28
  unbound ('cc', 9, 1) 26
  unbound ('cc', 9, 1) 12
  unbound ('cc', 9, 1) 10
  unbound ('cc', 9, 1) 9
  unbound ('cc', 9, 1) 6
  unbound ('cc', 9, 1) 5
  unbound ('cc', 9, 1) 4
  unbound ('cc', 9, 1) 3
  unbound ('cc', 9, 1) 2
  unbound ('cc', 9, 1) 1
  unbound ('cc', 9, 1) 2
  unbound ('cc', 9, 1) 4
  unbound ('cc', 9, 1) 5
  unbound ('cc', 9, 1) 6
  unbound ('cc', 9, 1) 7
  unbound ('cc', 9, 1) 0
  unbound ('cc', 9, 1) 54
  unbound ('cc', 9, 1) 63
  unbound ('cc', 9, 1) 76
  unbound ('cc', 9, 1) 78
  unbound ('cc', 9, 1) 93
  unbound ('cc', 9, 1) 97
  unbound ('cc', 9, 1) 100
  unbound ('cc', 9, 1) 102
  unbound ('cc', 9, 1) 111
  unbound ('cc', 9, 1) 113
  unbound ('cc', 9, 1) 114
  unbound ('cc', 9, 1) 115
  unbound ('cc', 9, 1) 116
  unbound ('cc', 9, 1) 115
  unbound ('cc', 9, 1) 114
  unbound ('cc', 9, 1) 113
  unbound ('cc', 9, 1) 111
  unbound ('cc', 9, 1) 100
  unbound ('cc', 9, 1) 99
  unbound ('cc', 9, 1) 98
  unbound ('cc', 9, 1) 97
  unbound ('cc', 9, 1) 96
  unbound ('cc', 9, 1) 63
  unbound ('cc', 9, 1) 51
  unbound ('cc', 9, 1) 49
  unbound ('cc', 9, 1) 33
  unbound ('cc', 9, 1) 29
  unbound ('cc', 9, 1) 27
  unbound ('cc', 9, 1) 26
  unbound ('cc', 9, 1) 13
  unbound ('cc', 9, 1) 12
  unbound ('cc', 9, 1) 11
  unbound ('cc', 9, 1) 10
  unbound ('cc', 9, 1) 11
  unbound ('cc', 9, 1) 12
  unbound ('cc', 9, 1) 27
  unbound ('cc', 9, 1) 28
  unbound ('cc', 9, 1) 29
  unbound ('cc', 9, 1) 76
  unbound ('cc', 9, 1) 85
  unbound ('cc', 9, 1) 96
  unbound ('cc', 9, 1) 100
  unbound ('cc', 9, 1) 106
  unbound ('cc', 9, 1) 113
  unbound ('cc', 9, 1) 114
  unbound ('cc', 9, 1) 115
  unbound ('cc', 9, 1) 116
  unbound ('cc', 9, 1) 117
  unbound ('cc', 9, 1) 118
  unbound ('cc', 9, 31) 1
  unbound ('cc', 9, 31) 2
  unbound ('cc', 9, 31) 3
  unbound ('cc', 9, 31) 5
  unbound ('cc', 9, 31) 7
  unbound ('cc', 9, 31) 9
  unbound ('cc', 9, 31) 11
  unbound ('cc', 9, 31) 13
  unbound ('cc', 9, 31) 15
  unbound ('cc', 9, 31) 17
  unbound ('cc', 9, 31) 19
  unbound ('cc', 9, 31) 21
  unbound ('cc', 9, 31) 23
  unbound ('cc', 9, 31) 25
  unbound ('cc', 9, 31) 27
  unbound ('cc', 9, 31) 29
  unbound ('cc', 9, 31) 31
  unbound ('cc', 9, 31) 33
  unbound ('cc', 9, 31) 35
  unbound ('cc', 9, 31) 37
  unbound ('cc', 9, 31) 39
  unbound ('cc', 9, 31) 41
  unbound ('cc', 9, 31) 43
  unbound ('cc', 9, 31) 45
  unbound ('cc', 9, 31) 47
  unbound ('cc', 9, 31) 49
  unbound ('cc', 9, 31) 51
  unbound ('cc', 9, 31) 53
  unbound ('cc', 9, 31) 54
  unbound ('cc', 9, 31) 56
  unbound ('cc', 9, 31) 55
  unbound ('cc', 9, 31) 54
  unbound ('cc', 9, 31) 53
  unbound ('cc', 9, 31) 52
  unbound ('cc', 9, 31) 50
  unbound ('cc', 9, 31) 48
  unbound ('cc', 9, 31) 46
  unbound ('cc', 9, 31) 44
  unbound ('cc', 9, 31) 42
  unbound ('cc', 9, 31) 40
  unbound ('cc', 9, 31) 38
  unbound ('cc', 9, 31) 36
  unbound ('cc', 9, 31) 34
  unbound ('cc', 9, 31) 32
  unbound ('cc', 9, 31) 30
  unbound ('cc', 9, 31) 28
  unbound ('cc', 9, 31) 26
  unbound ('cc', 9, 31) 24
  unbound ('cc', 9, 31) 22
  unbound ('cc', 9, 31) 21
  unbound ('cc', 9, 31) 19
  unbound ('cc', 9, 31) 17
  unbound ('cc', 9, 31) 15
  unbound ('cc', 9, 31) 13
  unbound ('cc', 9, 31) 12
  unbound ('cc', 9, 31) 11
  unbound ('cc', 9, 31) 10
  unbound ('cc', 9, 31) 8
  unbound ('cc', 9, 31) 9
  unbound ('cc', 9, 31) 10
  unbound ('cc', 9, 31) 11
  unbound ('cc', 9, 31) 12
  unbound ('cc', 9, 31) 14
  unbound ('cc', 9, 31) 16
  unbound ('cc', 9, 31) 18
  unbound ('cc', 9, 31) 20
  unbound ('cc', 9, 31) 22
  unbound ('cc', 9, 31) 24
  unbound ('cc', 9, 31) 26
  unbound ('cc', 9, 31) 28
  unbound ('cc', 9, 31) 30
  unbound ('cc', 9, 31) 32
  unbound ('cc', 9, 31) 34
  unbound ('cc', 9, 31) 36
  unbound ('cc', 9, 31) 40
  unbound ('cc', 9, 31) 42
  unbound ('cc', 9, 31) 46
  unbound ('cc', 9, 31) 48
  unbound ('cc', 9, 31) 50
  unbound ('cc', 9, 31) 52
  unbound ('cc', 9, 31) 54
  unbound ('cc', 9, 31) 56
  unbound ('cc', 9, 31) 58
  unbound ('cc', 9, 31) 60
  unbound ('cc', 9, 31) 62
  unbound ('cc', 9, 31) 61
  unbound ('cc', 9, 31) 60
  unbound ('cc', 9, 31) 59
  unbound ('cc', 9, 31) 57
  unbound ('cc', 9, 31) 55
  unbound ('cc', 9, 31) 53
  unbound ('cc', 9, 31) 51
  unbound ('cc', 9, 31) 49
  unbound ('cc', 9, 31) 47
  unbound ('cc', 9, 31) 45
  unbound ('cc', 9, 31) 43
  unbound ('cc', 9, 31) 41
  unbound ('cc', 9, 31) 39
  unbound ('cc', 9, 31) 37
  unbound ('cc', 9, 31) 35
  unbound ('cc', 9, 31) 33
  unbound ('cc', 9, 31) 31
  unbound ('cc', 9, 31) 29
  unbound ('cc', 9, 31) 27
  unbound ('cc', 9, 31) 25
  unbound ('cc', 9, 31) 23
  unbound ('cc', 9, 31) 21
  unbound ('cc', 9, 31) 19
  unbound ('cc', 9, 31) 18
  unbound ('cc', 9, 32) 1
  unbound ('cc', 9, 32) 2
  unbound ('cc', 9, 32) 3
  unbound ('cc', 9, 32) 4
  unbound ('cc', 9, 32) 6
  unbound ('cc', 9, 32) 8
  unbound ('cc', 9, 32) 10
  unbound ('cc', 9, 32) 12
  unbound ('cc', 9, 32) 14
  unbound ('cc', 9, 32) 16
  unbound ('cc', 9, 32) 18
  unbound ('cc', 9, 32) 20
  unbound ('cc', 9, 32) 22
  unbound ('cc', 9, 32) 24
  unbound ('cc', 9, 32) 26
  unbound ('cc', 9, 32) 28
  unbound ('cc', 9, 32) 27
  unbound ('cc', 9, 32) 26
  unbound ('cc', 9, 32) 25
  unbound ('cc', 9, 32) 24
  unbound ('cc', 9, 32) 23
  unbound ('cc', 9, 32) 21
  unbound ('cc', 9, 32) 20
  unbound ('cc', 9, 32) 19
  node.add_serial -> node True/4
  node.toggle
  node.add_serial -> node True/5
  node.select.1 -> node 1/3
  node.select.2 -> node 2/3
  node.select.3 -> node 3/3
  node.select.4 -> node 3/3
  node.select.4 -> node 3/3
  node.add_serial -> node True/4
  node.select.4 -> node 4/4
  node.select.3 -> node 3/4
  node.select.2 -> node 2/4
  node.select.1 -> node 1/4
  node.select.3 -> node 3/4
  node.select.4 -> node 4/4
  node.add_serial -> node True/5
  node.select.4 -> node 4/5
  node.add_serial -> node True/6
  node.add_serial -> node True/7
  node.select.4 -> node 4/7
  node.select.4 -> node 4/7
  node.select.3 -> node 3/7
  node.select.2 -> node 2/7
  node.select.1 -> node 1/7
  node.select.1 -> node 1/7
  node.select.1 -> node 1/7
  node.select.1 -> node 1/7
  node.select.1 -> node 1/7
  node.select.1 -> node 1/7
  node.toggle
  node.add_serial -> node True/8
  node.select.1 -> node 1/3
  node.select.2 -> node 2/3
  node.select.1 -> node 1/3
  node.select.2 -> node 2/3
  node.select.2 -> node 2/3
  node.select.2 -> node 2/3
  node.select.2 -> node 2/3
  node.select.2 -> node 2/3
  node.select.1 -> node 1/3
  node.select.2 -> node 2/3
  node.add_serial -> node True/4
  node.add_serial -> node True/4
  node.add_serial -> node True/4
  node.add_serial -> node True/4
  node.toggle
  still.grab
  viewer.bypass -> node True/10
  clip.prev -> node True/10
  clip.next -> node True/0
  node.toggle
  ! no master in slot 1 - set one: ./rmidi.sh set-master --slot 1
  grade.master.1 -> node False/0
  ! no master in slot 1 - set one: ./rmidi.sh set-master --slot 1
  grade.master.1 -> node False/0
  ! no master in slot 1 - set one: ./rmidi.sh set-master --slot 1
  grade.master.1 -> node False/0
  ! no master in slot 1 - set one: ./rmidi.sh set-master --slot 1
  grade.master.1 -> node False/0
  ! no master in slot 1 - set one: ./rmidi.sh set-master --slot 1
  grade.master.1 -> node False/0
  ! no master in slot 1 - set one: ./rmidi.sh set-master --slot 1
  grade.master.1 -> node False/0
  unbound ('note', 9, 50) 116
  unbound ('note', 9, 50) 0
  unbound ('note', 9, 52) 115
  unbound ('note', 9, 52) 0
  ! no master in slot 1 - set one: ./rmidi.sh set-master --slot 1
  grade.master.1 -> node False/0
  ! no master in slot 1 - set one: ./rmidi.sh set-master --slot 1
  grade.master.1 -> node False/0
  unbound ('note', 9, 50) 95
  unbound ('note', 9, 50) 0
  unbound ('note', 9, 52) 114
  unbound ('note', 9, 52) 0
  unbound ('note', 9, 53) 110
  unbound ('note', 9, 55) 113
  unbound ('note', 9, 53) 0
  unbound ('note', 9, 55) 0
  unbound ('note', 9, 57) 117
  unbound ('note', 9, 55) 112
  unbound ('note', 9, 55) 0
  unbound ('note', 9, 57) 0
  ! no master in slot 1 - set one: ./rmidi.sh set-master --slot 1
  grade.master.1 -> node False/0
  unbound ('note', 9, 69) 44
  unbound ('note', 9, 67) 66
  unbound ('note', 9, 69) 0
  unbound ('note', 9, 65) 67
  unbound ('note', 9, 67) 0
  unbound ('note', 9, 64) 57
  unbound ('note', 9, 65) 0
  unbound ('note', 9, 62) 66
  unbound ('note', 9, 64) 0
  ! no master in slot 1 - set one: ./rmidi.sh set-master --slot 1
  grade.master.1 -> node False/0
  unbound ('note', 9, 62) 0
  unbound ('note', 9, 59) 61
  unbound ('note', 9, 57) 59
  unbound ('note', 9, 59) 0
  unbound ('note', 9, 57) 0
  unbound ('note', 9, 55) 32
  unbound ('note', 9, 55) 0
  unbound ('note', 9, 50) 18
  unbound ('note', 9, 50) 0
  ! no master in slot 1 - set one: ./rmidi.sh set-master --slot 1
  grade.master.1 -> node False/0
  ! no master in slot 1 - set one: ./rmidi.sh set-master --slot 1
  grade.master.1 -> node False/2
  ! no master in slot 1 - set one: ./rmidi.sh set-master --slot 1
  grade.master.1 -> node False/2
  ! no master in slot 1 - set one: ./rmidi.sh set-master --slot 1
  grade.master.1 -> node False/2
  unbound ('note', 9, 50) 1
  unbound ('note', 9, 50) 0
  unbound ('note', 9, 50) 57
  unbound ('note', 9, 50) 0
  ! no master in slot 1 - set one: ./rmidi.sh set-master --slot 1
  grade.master.1 -> node False/2
  unbound ('note', 9, 50) 46
  ! no master in slot 1 - set one: ./rmidi.sh set-master --slot 1
  grade.master.1 -> node False/2
  unbound ('note', 9, 50) 0
  unbound ('note', 9, 50) 114
  ! no master in slot 1 - set one: ./rmidi.sh set-master --slot 1
  grade.master.1 -> node False/2
  unbound ('note', 9, 50) 0
  unbound ('note', 9, 50) 83
  ! no master in slot 1 - set one: ./rmidi.sh set-master --slot 1
  grade.master.1 -> node False/2
  unbound ('note', 9, 50) 0
  unbound ('note', 9, 50) 92
  unbound ('note', 9, 50) 0
  ! no master in slot 1 - set one: ./rmidi.sh set-master --slot 1
  grade.master.1 -> node False/2
  unbound ('note', 9, 50) 108
  ! no master in slot 1 - set one: ./rmidi.sh set-master --slot 1
  grade.master.1 -> node False/2
  unbound ('note', 9, 50) 0
  unbound ('note', 9, 50) 76
  ! no master in slot 1 - set one: ./rmidi.sh set-master --slot 1
  grade.master.1 -> node False/2
  unbound ('note', 9, 50) 0
  unbound ('note', 9, 50) 99
  ! no master in slot 1 - set one: ./rmidi.sh set-master --slot 1
  grade.master.1 -> node False/2
  unbound ('note', 9, 50) 0
  unbound ('note', 9, 50) 36
  ! no master in slot 1 - set one: ./rmidi.sh set-master --slot 1
  grade.master.1 -> node False/2
  unbound ('note', 9, 50) 0
  unbound ('note', 9, 50) 76
  unbound ('note', 9, 50) 0
  node.add_serial -> node True/3
  ! no master in slot 1 - set one: ./rmidi.sh set-master --slot 1
  grade.master.1 -> node False/3
  ! no master in slot 1 - set one: ./rmidi.sh set-master --slot 1
  grade.master.1 -> node False/3
  ! no master in slot 1 - set one: ./rmidi.sh set-master --slot 1
  grade.master.1 -> node False/3
  ! no master in slot 1 - set one: ./rmidi.sh set-master --slot 1
  grade.master.1 -> node False/3
  ! no master in slot 1 - set one: ./rmidi.sh set-master --slot 1
  grade.master.1 -> node False/3
  ! no master in slot 1 - set one: ./rmidi.sh set-master --slot 1
  grade.master.1 -> node False/3
  ! no master in slot 1 - set one: ./rmidi.sh set-master --slot 1
  grade.master.1 -> node False/3
  ! no master in slot 1 - set one: ./rmidi.sh set-master --slot 1
  grade.master.1 -> node False/3
  unbound ('note', 9, 50) 67
  unbound ('note', 9, 50) 0
  unbound ('note', 9, 50) 57
  unbound ('note', 9, 50) 0
  unbound ('note', 9, 52) 99
  unbound ('note', 9, 52) 0
  node.select.1 -> node 1/1
  node.select.1 -> node 1/1
  node.select.2 -> node 1/1
  node.select.2 -> node 1/1
  node.select.3 -> node 1/1
  node.select.3 -> node 1/1
  node.select.4 -> node 1/1
  node.select.4 -> node 1/1
  node.add_serial -> node True/2
  node.toggle
  node.toggle
  node.toggle
  node.toggle
  node.toggle
  node.toggle
  node.toggle
  node.toggle
  node.toggle
  node.toggle
  node.toggle
  still.grab
  still.grab
  still.grab
  still.grab
  still.grab
  still.grab
  still.grab
  viewer.bypass -> node True/1
  viewer.bypass -> node True/1
  viewer.bypass -> node True/1
  viewer.bypass -> node True/1
  viewer.bypass -> node True/1
  viewer.bypass -> node True/1
  node.toggle
  node.toggle
  node.toggle
  viewer.bypass -> node True/1
  viewer.bypass -> node True/1
  viewer.bypass -> node True/1
  viewer.bypass -> node True/1
  node.toggle
  node.toggle
  clip.next -> node True/3
  still.grab
  still.grab
  still.grab
  still.grab
  still.grab
  still.grab
  still.grab
  still.grab
  still.grab
  still.grab
  still.grab
  still.grab
  still.grab
  still.grab
  still.grab
  still.grab
  still.grab
  still.grab
  still.grab
  still.grab
  still.grab
  still.grab
  still.grab
  still.grab
  still.grab
  still.grab
  still.grab
  still.grab
  still.grab
  still.grab
  node.select.1 -> node 1/3
  node.select.2 -> node 2/3
  node.select.3 -> node 3/3
  node.select.2 -> node 2/3
  node.select.3 -> node 3/3
  node.select.4 -> node 3/3
  node.select.3 -> node 3/3
  node.select.2 -> node 2/3
  node.select.1 -> node 1/3
  node.select.2 -> node 2/3
  node.select.3 -> node 3/3
  node.select.2 -> node 2/3
  node.select.3 -> node 3/3
  node.select.4 -> node 3/3
  node.select.3 -> node 3/3
  node.select.2 -> node 2/3
  node.select.1 -> node 1/3
  node.select.1 -> node 1/3
  node.select.2 -> node 2/3
  node.select.3 -> node 3/3
  node.select.4 -> node 3/3
  node.add_serial -> node True/4
  node.add_serial -> node True/5
  node.add_serial -> node True/5
  node.add_serial -> node True/6
  node.toggle
  node.toggle
  node.toggle
  node.toggle
  still.grab
  still.grab
  still.grab
  viewer.bypass -> node True/4
  viewer.bypass -> node True/4
  viewer.bypass -> node True/4
  viewer.bypass -> node True/4
  viewer.bypass -> node True/4
  viewer.bypass -> node True/4
  viewer.bypass -> node True/4
  viewer.bypass -> node True/4
  viewer.bypass -> node True/4
  viewer.bypass -> node True/4
  viewer.bypass -> node True/4
  viewer.bypass -> node True/4
  viewer.bypass -> node True/4
  clip.prev -> node True/1
  clip.prev -> node True/3
  clip.prev -> node True/10
  clip.prev -> node True/10
  clip.prev -> node True/10
  clip.next -> node True/3
  clip.next -> node True/1
  clip.next -> node True/4
  version.add
  version.add
  version.add
  page.color
  page.color
  page.color
  version.add
  page.color
  page.color
  page.color
  page.color
  page.color
  page.color
  page.color
  page.color
  page.color
  page.color
  page.color
  page.color
  ! no master in slot 1 - set one: ./rmidi.sh set-master --slot 1
  grade.master.1 -> node False/4
  ! no master in slot 1 - set one: ./rmidi.sh set-master --slot 1
  grade.master.1 -> node False/4
  ! no master in slot 1 - set one: ./rmidi.sh set-master --slot 1
  grade.master.1 -> node False/4
  ! no master in slot 1 - set one: ./rmidi.sh set-master --slot 1
  grade.master.1 -> node False/4
  ! no master in slot 1 - set one: ./rmidi.sh set-master --slot 1
  grade.master.1 -> node False/4
  clip.prev -> node True/1
  clip.next -> node True/4
  clip.next -> node True/6
  clip.next -> node True/3
  clip.next -> node True/3
  clip.next -> node True/7
  node.select.1 -> node 1/7
  node.select.2 -> node 2/7
  cdl.lift            +1 -> [0.0025, 0.0025, 0.0025]
  cdl.lift            +1 -> [0.005, 0.005, 0.005]
  cdl.lift            +1 -> [0.0075, 0.0075, 0.0075]
  cdl.lift            +2 -> [0.0125, 0.0125, 0.0125]
  [endstop] 21 at 127 - hold CLUTCH and re-centre the knob
  cdl.lift            +2 -> [0.0175, 0.0175, 0.0175]
  [backup] gallery still grabbed - right-click it -> Apply Grade to restore
  cdl.lift            -1 -> [0.015, 0.015, 0.015]
  cdl.lift            -1 -> [0.0125, 0.0125, 0.0125]
  cdl.lift            -1 -> [0.01, 0.01, 0.01]
  cdl.lift            -1 -> [0.0075, 0.0075, 0.0075]
  cdl.lift            -2 -> [0.0025, 0.0025, 0.0025]
  cdl.lift            -2 -> [-0.0025, -0.0025, -0.0025]
  cdl.lift            -2 -> [-0.0075, -0.0075, -0.0075]
  cdl.lift            -2 -> [-0.0125, -0.0125, -0.0125]
  cdl.lift            -4 -> [-0.0225, -0.0225, -0.0225]
  cdl.lift            -4 -> [-0.0325, -0.0325, -0.0325]
  cdl.lift            -4 -> [-0.0425, -0.0425, -0.0425]
  cdl.lift            -4 -> [-0.0525, -0.0525, -0.0525]
  cdl.lift            -4 -> [-0.0625, -0.0625, -0.0625]
  cdl.lift            -4 -> [-0.0725, -0.0725, -0.0725]
  cdl.lift            -4 -> [-0.0825, -0.0825, -0.0825]
  cdl.lift            -4 -> [-0.0925, -0.0925, -0.0925]
  cdl.lift            -4 -> [-0.1025, -0.1025, -0.1025]
  cdl.lift            -4 -> [-0.1125, -0.1125, -0.1125]
  cdl.lift            -4 -> [-0.1225, -0.1225, -0.1225]
  cdl.lift            -4 -> [-0.1325, -0.1325, -0.1325]
  cdl.lift            -4 -> [-0.1425, -0.1425, -0.1425]
  cdl.lift            -2 -> [-0.1475, -0.1475, -0.1475]
  cdl.lift            -2 -> [-0.1525, -0.1525, -0.1525]
  cdl.lift            -2 -> [-0.1575, -0.1575, -0.1575]
  cdl.lift            -2 -> [-0.1625, -0.1625, -0.1625]
  cdl.lift            -2 -> [-0.1675, -0.1675, -0.1675]
  cdl.lift            -2 -> [-0.1725, -0.1725, -0.1725]
  cdl.lift            -2 -> [-0.1775, -0.1775, -0.1775]
  cdl.lift            -2 -> [-0.1825, -0.1825, -0.1825]
  cdl.lift            -2 -> [-0.1875, -0.1875, -0.1875]
  cdl.lift            -2 -> [-0.1925, -0.1925, -0.1925]
  cdl.lift            -2 -> [-0.1975, -0.1975, -0.1975]
  cdl.lift            -2 -> [-0.2025, -0.2025, -0.2025]
  cdl.lift            -2 -> [-0.2075, -0.2075, -0.2075]
  cdl.lift            -2 -> [-0.2125, -0.2125, -0.2125]
  cdl.lift            -2 -> [-0.2175, -0.2175, -0.2175]
  cdl.lift            +1 -> [-0.215, -0.215, -0.215]
  cdl.lift            +1 -> [-0.2125, -0.2125, -0.2125]
  cdl.lift            +1 -> [-0.21, -0.21, -0.21]
  cdl.lift            +1 -> [-0.2075, -0.2075, -0.2075]
  cdl.lift            +2 -> [-0.2025, -0.2025, -0.2025]
  cdl.lift            +2 -> [-0.1975, -0.1975, -0.1975]
  cdl.lift            +2 -> [-0.1925, -0.1925, -0.1925]
  cdl.lift            +2 -> [-0.1875, -0.1875, -0.1875]
  cdl.lift            +2 -> [-0.1825, -0.1825, -0.1825]
  cdl.lift            +2 -> [-0.1775, -0.1775, -0.1775]
  cdl.lift            +2 -> [-0.1725, -0.1725, -0.1725]
  cdl.lift            +2 -> [-0.1675, -0.1675, -0.1675]
  cdl.lift            +2 -> [-0.1625, -0.1625, -0.1625]
  cdl.lift            +2 -> [-0.1575, -0.1575, -0.1575]
  cdl.lift            +2 -> [-0.1525, -0.1525, -0.1525]
  cdl.lift            +2 -> [-0.1475, -0.1475, -0.1475]
  cdl.lift            +2 -> [-0.1425, -0.1425, -0.1425]
  cdl.lift            +2 -> [-0.1375, -0.1375, -0.1375]
  cdl.lift            +2 -> [-0.1325, -0.1325, -0.1325]
  cdl.lift            +2 -> [-0.1275, -0.1275, -0.1275]
  cdl.lift            +2 -> [-0.1225, -0.1225, -0.1225]
  cdl.lift            +2 -> [-0.1175, -0.1175, -0.1175]
  cdl.lift            +2 -> [-0.1125, -0.1125, -0.1125]
  cdl.lift            +2 -> [-0.1075, -0.1075, -0.1075]
  cdl.lift            +2 -> [-0.1025, -0.1025, -0.1025]
  cdl.lift            +2 -> [-0.0975, -0.0975, -0.0975]
  cdl.lift            +2 -> [-0.0925, -0.0925, -0.0925]
  cdl.lift            +2 -> [-0.0875, -0.0875, -0.0875]
  cdl.lift            +2 -> [-0.0825, -0.0825, -0.0825]
  cdl.lift            +2 -> [-0.0775, -0.0775, -0.0775]
  cdl.lift            -1 -> [-0.08, -0.08, -0.08]
  cdl.lift            -1 -> [-0.0825, -0.0825, -0.0825]
  cdl.lift            -1 -> [-0.085, -0.085, -0.085]
  cdl.lift            -2 -> [-0.09, -0.09, -0.09]
  cdl.lift            -2 -> [-0.095, -0.095, -0.095]
  cdl.lift            -2 -> [-0.1, -0.1, -0.1]
  cdl.lift            -2 -> [-0.105, -0.105, -0.105]
  cdl.lift            -2 -> [-0.11, -0.11, -0.11]
  cdl.lift            -2 -> [-0.115, -0.115, -0.115]
  cdl.lift            -2 -> [-0.12, -0.12, -0.12]
  cdl.lift            -2 -> [-0.125, -0.125, -0.125]
  cdl.lift            -2 -> [-0.13, -0.13, -0.13]
  cdl.lift            -2 -> [-0.135, -0.135, -0.135]
  cdl.lift            -2 -> [-0.14, -0.14, -0.14]
  cdl.lift            -2 -> [-0.145, -0.145, -0.145]
  cdl.lift            -2 -> [-0.15, -0.15, -0.15]
  cdl.lift            -2 -> [-0.155, -0.155, -0.155]
  cdl.lift            -2 -> [-0.16, -0.16, -0.16]
  cdl.lift            -2 -> [-0.165, -0.165, -0.165]
  cdl.lift            -2 -> [-0.17, -0.17, -0.17]
  cdl.lift            -1 -> [-0.1725, -0.1725, -0.1725]
  cdl.lift            +1 -> [-0.17, -0.17, -0.17]
  cdl.lift            +1 -> [-0.1675, -0.1675, -0.1675]
  cdl.lift            +1 -> [-0.165, -0.165, -0.165]
  cdl.lift            +1 -> [-0.1625, -0.1625, -0.1625]
  cdl.lift            +1 -> [-0.16, -0.16, -0.16]
  cdl.lift            +1 -> [-0.1575, -0.1575, -0.1575]
  cdl.lift            +1 -> [-0.155, -0.155, -0.155]
  cdl.lift            +1 -> [-0.1525, -0.1525, -0.1525]
  cdl.lift            +1 -> [-0.15, -0.15, -0.15]
  cdl.lift            +1 -> [-0.1475, -0.1475, -0.1475]
  cdl.lift            -1 -> [-0.15, -0.15, -0.15]
  cdl.lift            -1 -> [-0.1525, -0.1525, -0.1525]
  cdl.lift            -1 -> [-0.155, -0.155, -0.155]
  cdl.lift            -1 -> [-0.1575, -0.1575, -0.1575]
  cdl.lift            -1 -> [-0.16, -0.16, -0.16]
  cdl.lift            -1 -> [-0.1625, -0.1625, -0.1625]
  cdl.lift            -1 -> [-0.165, -0.165, -0.165]
  cdl.lift            -1 -> [-0.1675, -0.1675, -0.1675]
  cdl.lift            -1 -> [-0.17, -0.17, -0.17]
  cdl.lift            -1 -> [-0.1725, -0.1725, -0.1725]
  cdl.lift            -1 -> [-0.175, -0.175, -0.175]
  cdl.lift            -1 -> [-0.1775, -0.1775, -0.1775]
  cdl.lift            -2 -> [-0.1825, -0.1825, -0.1825]
  cdl.lift            -2 -> [-0.1875, -0.1875, -0.1875]
  cdl.lift            -2 -> [-0.1925, -0.1925, -0.1925]
  cdl.lift            -1 -> [-0.195, -0.195, -0.195]
  cdl.lift            -1 -> [-0.1975, -0.1975, -0.1975]
  cdl.lift            -1 -> [-0.2, -0.2, -0.2]
  cdl.lift            -1 -> [-0.2025, -0.2025, -0.2025]
  cdl.lift            -1 -> [-0.205, -0.205, -0.205]
  cdl.lift            -1 -> [-0.2075, -0.2075, -0.2075]
  cdl.lift            -1 -> [-0.21, -0.21, -0.21]
  cdl.lift            -1 -> [-0.2125, -0.2125, -0.2125]
  cdl.lift            -2 -> [-0.2175, -0.2175, -0.2175]
  cdl.lift            -2 -> [-0.2225, -0.2225, -0.2225]
  cdl.lift            -1 -> [-0.225, -0.225, -0.225]
  cdl.lift            -2 -> [-0.23, -0.23, -0.23]
  cdl.lift            -2 -> [-0.235, -0.235, -0.235]
  cdl.lift            -1 -> [-0.2375, -0.2375, -0.2375]
  cdl.lift            -1 -> [-0.24, -0.24, -0.24]
  cdl.lift            -2 -> [-0.245, -0.245, -0.245]
  cdl.lift            -1 -> [-0.2475, -0.2475, -0.2475]
  cdl.lift            -2 -> [-0.2525, -0.2525, -0.2525]
  cdl.lift            +1 -> [-0.25, -0.25, -0.25]
  cdl.lift            +1 -> [-0.2475, -0.2475, -0.2475]
  cdl.lift            +1 -> [-0.245, -0.245, -0.245]
  cdl.lift            +1 -> [-0.2425, -0.2425, -0.2425]
  cdl.lift            +2 -> [-0.2375, -0.2375, -0.2375]
  cdl.lift            +2 -> [-0.2325, -0.2325, -0.2325]
  cdl.lift            +2 -> [-0.2275, -0.2275, -0.2275]
  cdl.lift            +2 -> [-0.2225, -0.2225, -0.2225]
  cdl.lift            +2 -> [-0.2175, -0.2175, -0.2175]
  cdl.lift            +2 -> [-0.2125, -0.2125, -0.2125]
  cdl.lift            +2 -> [-0.2075, -0.2075, -0.2075]
  cdl.lift            +2 -> [-0.2025, -0.2025, -0.2025]
  cdl.lift            +2 -> [-0.1975, -0.1975, -0.1975]
  cdl.lift            +2 -> [-0.1925, -0.1925, -0.1925]
  cdl.lift            +2 -> [-0.1875, -0.1875, -0.1875]
  cdl.lift            +2 -> [-0.1825, -0.1825, -0.1825]
  cdl.lift            +2 -> [-0.1775, -0.1775, -0.1775]
  cdl.lift            +2 -> [-0.1725, -0.1725, -0.1725]
  cdl.lift            +2 -> [-0.1675, -0.1675, -0.1675]
  cdl.lift            +2 -> [-0.1625, -0.1625, -0.1625]
  cdl.lift            +2 -> [-0.1575, -0.1575, -0.1575]
  cdl.lift            +2 -> [-0.1525, -0.1525, -0.1525]
  cdl.lift            +2 -> [-0.1475, -0.1475, -0.1475]
  cdl.lift            +2 -> [-0.1425, -0.1425, -0.1425]
  cdl.lift            +1 -> [-0.14, -0.14, -0.14]
  cdl.lift            +1 -> [-0.1375, -0.1375, -0.1375]
  cdl.lift            +1 -> [-0.135, -0.135, -0.135]
  cdl.lift            +1 -> [-0.1325, -0.1325, -0.1325]
  cdl.lift            +2 -> [-0.1275, -0.1275, -0.1275]
  cdl.lift            +2 -> [-0.1225, -0.1225, -0.1225]
  cdl.lift            +2 -> [-0.1175, -0.1175, -0.1175]
  cdl.lift            +2 -> [-0.1125, -0.1125, -0.1125]
  cdl.lift            +2 -> [-0.1075, -0.1075, -0.1075]
  cdl.lift            +2 -> [-0.1025, -0.1025, -0.1025]
  cdl.lift            +2 -> [-0.0975, -0.0975, -0.0975]
  cdl.lift            +2 -> [-0.0925, -0.0925, -0.0925]
  cdl.lift            +2 -> [-0.0875, -0.0875, -0.0875]
  cdl.lift            +2 -> [-0.0825, -0.0825, -0.0825]
  cdl.lift            +2 -> [-0.0775, -0.0775, -0.0775]
  cdl.lift            +4 -> [-0.0675, -0.0675, -0.0675]
  cdl.lift            +4 -> [-0.0575, -0.0575, -0.0575]
  cdl.lift            +2 -> [-0.0525, -0.0525, -0.0525]
  cdl.lift            +2 -> [-0.0475, -0.0475, -0.0475]
  cdl.lift            +2 -> [-0.0425, -0.0425, -0.0425]
  cdl.lift            +1 -> [-0.04, -0.04, -0.04]
  cdl.lift            +1 -> [-0.0375, -0.0375, -0.0375]
  cdl.lift            +1 -> [-0.035, -0.035, -0.035]
  cdl.lift            +2 -> [-0.03, -0.03, -0.03]
  cdl.lift            +1 -> [-0.0275, -0.0275, -0.0275]
  cdl.lift            +2 -> [-0.0225, -0.0225, -0.0225]
  cdl.lift            +2 -> [-0.0175, -0.0175, -0.0175]
  cdl.lift            +2 -> [-0.0125, -0.0125, -0.0125]
  cdl.lift            +2 -> [-0.0075, -0.0075, -0.0075]
  cdl.lift            +2 -> [-0.0025, -0.0025, -0.0025]
  cdl.lift            +2 -> [0.0025, 0.0025, 0.0025]
  cdl.lift            +4 -> [0.0125, 0.0125, 0.0125]
  [endstop] 21 at 127 - hold CLUTCH and re-centre the knob
  cdl.lift            +2 -> [0.0175, 0.0175, 0.0175]
  node.select.1 -> node 1/7
  node.select.2 -> node 2/7
  node.select.3 -> node 3/7
  node.select.2 -> node 2/7
  node.select.3 -> node 3/7
  node.select.4 -> node 4/7
  node.add_serial -> node True/8
  node.select.1 -> node 1/7
  node.select.2 -> node 2/7
  node.select.3 -> node 3/7
  node.select.2 -> node 2/7
  node.select.3 -> node 3/7
  node.add_serial -> node True/8
  node.add_serial -> node True/5
  node.toggle
  node.toggle
  still.grab
  still.grab
  viewer.bypass -> node True/4
  viewer.bypass -> node True/4
  still.grab
  still.grab
  still.grab
  still.grab
  still.grab
  still.grab
  node.add_serial -> node True/7
  node.toggle
  node.toggle
  clip.prev -> node True/4
  node.toggle
  node.toggle
  node.toggle
  node.toggle
listening: Launchkey Mini MK4 25 MIDI Out
resolve:   C0123.MP4 | node 1/4
  node 1: OFX: Color Space Transform, Saturation, Hue & Lum Mix [OFX/LUT present]  <-- target
  node 2: Noise Reduction
  node 3: empty
  node 4: OFX: Color Space Transform, LUT: disp_t1_i04_C0123 [OFX/LUT present]
  ! target node contains an OFX - CDL lands BEFORE it in that node's chain
  node.prev -> node 1/4
  node.prev -> node 1/4
  node.next -> node 2/4
  node.next -> node 3/4
  node.prev -> node 2/4
  node.next -> node 3/4
  node.prev -> node 2/4
  node.next -> node 3/4
  node.prev -> node 2/4
  node.next -> node 3/4
  node.prev -> node 2/4
  node.next -> node 3/4
  node.add_serial -> node True/5
  node.add_parallel -> node True/7
  node.add_serial -> node True/6
  node.add_serial -> node True/7
  node.add_parallel -> node True/9
  node.add_parallel -> node True/10
  node.prev -> node 2/6
  node.next -> node 3/6
  node.prev -> node 2/6
  node.next -> node 3/6
  node.delete -> node True/5
  node.delete -> node True/4
  node.delete -> node True/3
  node.delete -> node True/2
  grade.reset_node
  [backup] gallery still grabbed - right-click it -> Apply Grade to restore
  grade.reset_node
  grade.reset_node
  grade.reset_node
  grade.reset_node
  grade.reset_node
  grade.reset_node
  grade.reset_node
  grade.reset_node
  grade.reset_node
  node.delete -> node True/2
  node.delete -> node True/1
  node.toggle
  node.toggle
  node.toggle
  node.toggle
  node.toggle
  node.toggle
  node.toggle
  node.toggle
  grade.reset_node
  grade.reset_node
  grade.reset_node
  grade.reset_node
  grade.reset_node
  grade.reset_node
  grade.reset_node
  grade.reset_node
  grade.reset_node
  grade.reset_node
  grade.reset_node
  grade.reset_node
  grade.reset_node
  grade.reset_node
  grade.reset_node
  grade.reset_node
  grade.reset_node
  grade.reset_node
  grade.reset_node
  grade.reset_node
  grade.reset_node
  viewer.bypass -> node True/3
  viewer.bypass -> node True/3
  viewer.bypass -> node True/3
  viewer.bypass -> node True/3
  viewer.bypass -> node True/3
  viewer.bypass -> node True/3
  viewer.bypass -> node True/3
  viewer.bypass -> node True/3
  viewer.bypass -> node True/3
  viewer.bypass -> node True/3
  node.delete -> node True/2
  clip.prev -> node True/1
  clip.next -> node True/3
  version.add
  viewer.bypass -> node True/3
  viewer.bypass -> node True/3
  viewer.bypass -> node True/3
  viewer.bypass -> node True/3
  viewer.bypass -> node True/3
  grade.reset_node
  grade.reset_node
  grade.reset_node
  grade.reset_node
  grade.reset_node
  viewer.bypass -> node True/3
  viewer.bypass -> node True/3
  viewer.bypass -> node True/3
  grade.reset_node
  node.toggle
  node.toggle
  node.toggle
  node.toggle
  node.toggle
  node.toggle
  node.toggle
  node.toggle
  node.toggle
  node.toggle
  node.delete -> node True/2
  node.delete -> node True/1
!! Resolve not reachable yet - will connect when you open it.
listening: Launchkey Mini MK4 25 MIDI Out
resolve:   no clip
  unbound ('note', 9, 64) 13  unbound ('note', 9, 64) 13

  unbound ('note', 9, 64) 0  unbound ('note', 9, 64) 0

  node.prev -> node 1/0
  node.prev -> node 1/0
  node.next -> node 1/0  node.next -> node 1/0

  clip.next -> node True/0
  clip.next -> node True/0
  clip.prev -> node True/0
  clip.prev -> node True/0
  clip.next -> node True/0
  clip.next -> node True/0
  clip.prev -> node True/0
  clip.prev -> node True/0
  clip.next -> node True/0
  clip.next -> node True/0
  clip.next -> node True/0  clip.next -> node True/0

  clip.next -> node True/0
  clip.next -> node True/0
  clip.next -> node True/0  clip.next -> node True/0

  clip.next -> node True/0  clip.next -> node True/0

  clip.prev -> node True/0
  clip.prev -> node True/0
  clip.prev -> node True/0
  clip.prev -> node True/0
  clip.prev -> node True/0
  clip.prev -> node True/0
  clip.prev -> node True/0
  clip.prev -> node True/0
  clip.prev -> node True/0
  clip.prev -> node True/0
  clip.prev -> node True/0
  clip.prev -> node True/0
  clip.prev -> node True/0
  clip.prev -> node True/0
  clip.prev -> node True/0  clip.prev -> node True/0

  clip.prev -> node True/0
  clip.prev -> node True/0
  clip.prev -> node True/0
  clip.prev -> node True/0
  clip.prev -> node True/0
  clip.prev -> node True/0
  clip.next -> node True/0
  clip.next -> node True/0
  clip.next -> node True/0
  clip.next -> node True/0
  clip.next -> node True/0
  clip.next -> node True/0
  clip.next -> node True/0
  clip.next -> node True/0
  clip.next -> node True/0
  clip.next -> node True/0
  clip.next -> node True/0
  clip.next -> node True/0
  clip.next -> node True/0
  clip.next -> node True/0
  clip.next -> node True/0
  clip.next -> node True/0
  clip.next -> node True/0
  clip.next -> node True/0
  node.delete -> node True/0
  node.delete -> node True/0
  node.toggle  node.toggle

  cdl.lift            -1 -> [-0.0025, -0.0025, -0.0025]
  cdl.lift            -1 -> [-0.0025, -0.0025, -0.0025]
  cdl.lift            -1 -> [-0.005, -0.005, -0.005]  cdl.lift            -1 -> [-0.005, -0.005, -0.005]

  cdl.lift            -1 -> [-0.0075, -0.0075, -0.0075]  cdl.lift            -1 -> [-0.0075, -0.0075, -0.0075]

  cdl.lift            -2 -> [-0.0125, -0.0125, -0.0125]  cdl.lift            -2 -> [-0.0125, -0.0125, -0.0125]

  [backup] gallery still grabbed - right-click it -> Apply Grade to restore
  cdl.lift            -2 -> [-0.0175, -0.0175, -0.0175]  cdl.lift            -2 -> [-0.0175, -0.0175, -0.0175]

  cdl.lift            -2 -> [-0.0225, -0.0225, -0.0225]  cdl.lift            -2 -> [-0.0225, -0.0225, -0.0225]

  cdl.lift            -2 -> [-0.0275, -0.0275, -0.0275]
  cdl.lift            -2 -> [-0.0275, -0.0275, -0.0275]
  cdl.lift            -2 -> [-0.0325, -0.0325, -0.0325]
  cdl.lift            -2 -> [-0.0325, -0.0325, -0.0325]
  cdl.lift            -2 -> [-0.0375, -0.0375, -0.0375]
  cdl.lift            -2 -> [-0.0375, -0.0375, -0.0375]
  cdl.lift            -2 -> [-0.0425, -0.0425, -0.0425]
  cdl.lift            -2 -> [-0.0425, -0.0425, -0.0425]
  cdl.lift            -2 -> [-0.0475, -0.0475, -0.0475]
  cdl.lift            -2 -> [-0.0475, -0.0475, -0.0475]
  cdl.lift            -2 -> [-0.0525, -0.0525, -0.0525]
  cdl.lift            -2 -> [-0.0525, -0.0525, -0.0525]
  cdl.lift            -2 -> [-0.0575, -0.0575, -0.0575]
  cdl.lift            -2 -> [-0.0575, -0.0575, -0.0575]  cdl.lift            -2 -> [-0.0625, -0.0625, -0.0625]

  cdl.lift            -2 -> [-0.0625, -0.0625, -0.0625]
  cdl.lift            -2 -> [-0.0675, -0.0675, -0.0675]
  cdl.lift            -2 -> [-0.0675, -0.0675, -0.0675]
  cdl.lift            -2 -> [-0.0725, -0.0725, -0.0725]
  cdl.lift            -2 -> [-0.0725, -0.0725, -0.0725]
  cdl.lift            -2 -> [-0.0775, -0.0775, -0.0775]
  cdl.lift            -2 -> [-0.0775, -0.0775, -0.0775]
  cdl.lift            -2 -> [-0.0825, -0.0825, -0.0825]
  cdl.lift            -2 -> [-0.0825, -0.0825, -0.0825]
  cdl.lift            -2 -> [-0.0875, -0.0875, -0.0875]  cdl.lift            -2 -> [-0.0875, -0.0875, -0.0875]

  cdl.lift            -2 -> [-0.0925, -0.0925, -0.0925]
  cdl.lift            -2 -> [-0.0925, -0.0925, -0.0925]
  cdl.lift            -2 -> [-0.0975, -0.0975, -0.0975]
  cdl.lift            -2 -> [-0.0975, -0.0975, -0.0975]
  cdl.lift            -2 -> [-0.1025, -0.1025, -0.1025]  cdl.lift            -2 -> [-0.1025, -0.1025, -0.1025]

  cdl.lift            -1 -> [-0.105, -0.105, -0.105]
  cdl.lift            -1 -> [-0.105, -0.105, -0.105]
  cdl.lift            +1 -> [-0.1025, -0.1025, -0.1025]  cdl.lift            +1 -> [-0.1025, -0.1025, -0.1025]

  cdl.lift            +1 -> [-0.1, -0.1, -0.1]
  cdl.lift            +1 -> [-0.1, -0.1, -0.1]
  cdl.lift            +1 -> [-0.0975, -0.0975, -0.0975]
  cdl.lift            +1 -> [-0.0975, -0.0975, -0.0975]
  cdl.lift            +1 -> [-0.095, -0.095, -0.095]
  cdl.lift            +1 -> [-0.095, -0.095, -0.095]
  cdl.lift            +2 -> [-0.09, -0.09, -0.09]
  cdl.lift            +2 -> [-0.09, -0.09, -0.09]
  cdl.lift            +2 -> [-0.085, -0.085, -0.085]
  cdl.lift            +2 -> [-0.085, -0.085, -0.085]
  cdl.lift            +2 -> [-0.08, -0.08, -0.08]  cdl.lift            +2 -> [-0.08, -0.08, -0.08]

  cdl.lift            +2 -> [-0.075, -0.075, -0.075]  cdl.lift            +2 -> [-0.075, -0.075, -0.075]

  cdl.lift            +2 -> [-0.07, -0.07, -0.07]  cdl.lift            +2 -> [-0.07, -0.07, -0.07]

  cdl.lift            +2 -> [-0.065, -0.065, -0.065]  cdl.lift            +2 -> [-0.065, -0.065, -0.065]

  cdl.lift            +2 -> [-0.06, -0.06, -0.06]
  cdl.lift            +2 -> [-0.06, -0.06, -0.06]
  cdl.lift            +2 -> [-0.055, -0.055, -0.055]  cdl.lift            +2 -> [-0.055, -0.055, -0.055]

  cdl.lift            +2 -> [-0.05, -0.05, -0.05]  cdl.lift            +2 -> [-0.05, -0.05, -0.05]

  cdl.lift            +2 -> [-0.045, -0.045, -0.045]
  cdl.lift            +2 -> [-0.045, -0.045, -0.045]
  cdl.lift            +2 -> [-0.04, -0.04, -0.04]
  cdl.lift            +2 -> [-0.04, -0.04, -0.04]
  cdl.lift            +2 -> [-0.035, -0.035, -0.035]
  cdl.lift            +2 -> [-0.035, -0.035, -0.035]
  cdl.lift            +2 -> [-0.03, -0.03, -0.03]
  cdl.lift            +2 -> [-0.03, -0.03, -0.03]
  cdl.lift            +2 -> [-0.025, -0.025, -0.025]  cdl.lift            +2 -> [-0.025, -0.025, -0.025]

  cdl.lift            +2 -> [-0.02, -0.02, -0.02]
  cdl.lift            +2 -> [-0.02, -0.02, -0.02]
  cdl.lift            +2 -> [-0.015, -0.015, -0.015]
  cdl.lift            +2 -> [-0.015, -0.015, -0.015]
  cdl.lift            +2 -> [-0.01, -0.01, -0.01]  cdl.lift            +2 -> [-0.01, -0.01, -0.01]

  cdl.lift            +2 -> [-0.005, -0.005, -0.005]  cdl.lift            +2 -> [-0.005, -0.005, -0.005]

  cdl.lift            +2 -> [0.0, 0.0, 0.0]  cdl.lift            +2 -> [0.0, 0.0, 0.0]

  [endstop] 21 at 127 - hold CLUTCH and re-centre the knob  [endstop] 21 at 127 - hold CLUTCH and re-centre the knob

  cdl.lift            +1 -> [0.0025, 0.0025, 0.0025]
  cdl.lift            +1 -> [0.0025, 0.0025, 0.0025]
  cdl.lift            -1 -> [0.0, 0.0, 0.0]  cdl.lift            -1 -> [0.0, 0.0, 0.0]

  cdl.lift            -1 -> [-0.0025, -0.0025, -0.0025]
  cdl.lift            -1 -> [-0.0025, -0.0025, -0.0025]
  cdl.lift            -1 -> [-0.005, -0.005, -0.005]  cdl.lift            -1 -> [-0.005, -0.005, -0.005]

  cdl.lift            -2 -> [-0.01, -0.01, -0.01]  cdl.lift            -2 -> [-0.01, -0.01, -0.01]

  cdl.lift            -2 -> [-0.015, -0.015, -0.015]
  cdl.lift            -2 -> [-0.015, -0.015, -0.015]
  cdl.lift            -2 -> [-0.02, -0.02, -0.02]
  cdl.lift            -2 -> [-0.02, -0.02, -0.02]
  cdl.lift            -2 -> [-0.025, -0.025, -0.025]  cdl.lift            -2 -> [-0.025, -0.025, -0.025]

  cdl.lift            -2 -> [-0.03, -0.03, -0.03]  cdl.lift            -2 -> [-0.03, -0.03, -0.03]

  cdl.lift            -2 -> [-0.035, -0.035, -0.035]
  cdl.lift            -2 -> [-0.035, -0.035, -0.035]
  cdl.lift            -2 -> [-0.04, -0.04, -0.04]  cdl.lift            -2 -> [-0.04, -0.04, -0.04]

  cdl.lift            -2 -> [-0.045, -0.045, -0.045]  cdl.lift            -2 -> [-0.045, -0.045, -0.045]

  cdl.lift            -2 -> [-0.05, -0.05, -0.05]
  cdl.lift            -2 -> [-0.05, -0.05, -0.05]
  cdl.lift            -2 -> [-0.055, -0.055, -0.055]
  cdl.lift            -2 -> [-0.055, -0.055, -0.055]
  cdl.lift            -2 -> [-0.06, -0.06, -0.06]
  cdl.lift            -2 -> [-0.06, -0.06, -0.06]
  cdl.lift            -2 -> [-0.065, -0.065, -0.065]  cdl.lift            -2 -> [-0.065, -0.065, -0.065]

  cdl.lift            -2 -> [-0.07, -0.07, -0.07]  cdl.lift            -2 -> [-0.07, -0.07, -0.07]

  cdl.lift            -2 -> [-0.075, -0.075, -0.075]
  cdl.lift            -2 -> [-0.075, -0.075, -0.075]
  cdl.lift            -1 -> [-0.0775, -0.0775, -0.0775]  cdl.lift            -1 -> [-0.0775, -0.0775, -0.0775]

  cdl.lift            -1 -> [-0.08, -0.08, -0.08]
  cdl.lift            -1 -> [-0.08, -0.08, -0.08]
  cdl.lift            -2 -> [-0.085, -0.085, -0.085]
  cdl.lift            -2 -> [-0.085, -0.085, -0.085]
  cdl.lift            +1 -> [-0.0825, -0.0825, -0.0825]  cdl.lift            +1 -> [-0.0825, -0.0825, -0.0825]

  cdl.lift            +1 -> [-0.08, -0.08, -0.08]
  cdl.lift            +1 -> [-0.08, -0.08, -0.08]
  cdl.lift            +1 -> [-0.0775, -0.0775, -0.0775]
  cdl.lift            +1 -> [-0.0775, -0.0775, -0.0775]
  cdl.lift            +1 -> [-0.075, -0.075, -0.075]
  cdl.lift            +1 -> [-0.075, -0.075, -0.075]
  cdl.lift            +2 -> [-0.07, -0.07, -0.07]
  cdl.lift            +2 -> [-0.07, -0.07, -0.07]
  cdl.lift            +2 -> [-0.065, -0.065, -0.065]  cdl.lift            +2 -> [-0.065, -0.065, -0.065]

  cdl.lift            +2 -> [-0.06, -0.06, -0.06]
  cdl.lift            +2 -> [-0.06, -0.06, -0.06]
  cdl.lift            +2 -> [-0.055, -0.055, -0.055]  cdl.lift            +2 -> [-0.055, -0.055, -0.055]

  cdl.lift            +2 -> [-0.05, -0.05, -0.05]  cdl.lift            +2 -> [-0.05, -0.05, -0.05]

  cdl.lift            +2 -> [-0.045, -0.045, -0.045]  cdl.lift            +2 -> [-0.045, -0.045, -0.045]

  cdl.lift            +2 -> [-0.04, -0.04, -0.04]
  cdl.lift            +2 -> [-0.04, -0.04, -0.04]
  cdl.lift            +2 -> [-0.035, -0.035, -0.035]
  cdl.lift            +2 -> [-0.035, -0.035, -0.035]
  cdl.lift            +2 -> [-0.03, -0.03, -0.03]
  cdl.lift            +2 -> [-0.03, -0.03, -0.03]
  cdl.lift            +2 -> [-0.025, -0.025, -0.025]
  cdl.lift            +2 -> [-0.025, -0.025, -0.025]
  cdl.lift            +2 -> [-0.02, -0.02, -0.02]
  cdl.lift            +2 -> [-0.02, -0.02, -0.02]
  cdl.lift            +2 -> [-0.015, -0.015, -0.015]
  cdl.lift            +2 -> [-0.015, -0.015, -0.015]
  cdl.lift            +2 -> [-0.01, -0.01, -0.01]
  cdl.lift            +2 -> [-0.01, -0.01, -0.01]
  cdl.lift            +2 -> [-0.005, -0.005, -0.005]  cdl.lift            +2 -> [-0.005, -0.005, -0.005]

  [endstop] 21 at 127 - hold CLUTCH and re-centre the knob
  [endstop] 21 at 127 - hold CLUTCH and re-centre the knob
  cdl.lift            +3 -> [0.0025, 0.0025, 0.0025]  cdl.lift            +3 -> [0.0025, 0.0025, 0.0025]

  cdl.lift            -1 -> [0.0, 0.0, 0.0]  cdl.lift            -1 -> [0.0, 0.0, 0.0]

  cdl.lift            -1 -> [-0.0025, -0.0025, -0.0025]  cdl.lift            -1 -> [-0.0025, -0.0025, -0.0025]

  cdl.lift            -1 -> [-0.005, -0.005, -0.005]  cdl.lift            -1 -> [-0.005, -0.005, -0.005]

  cdl.lift            -1 -> [-0.0075, -0.0075, -0.0075]
  cdl.lift            -1 -> [-0.0075, -0.0075, -0.0075]
  cdl.lift            -1 -> [-0.01, -0.01, -0.01]  cdl.lift            -1 -> [-0.01, -0.01, -0.01]

  cdl.lift            -1 -> [-0.0125, -0.0125, -0.0125]  cdl.lift            -1 -> [-0.0125, -0.0125, -0.0125]

  cdl.lift            -2 -> [-0.0175, -0.0175, -0.0175]
  cdl.lift            -2 -> [-0.0175, -0.0175, -0.0175]
  cdl.lift            -1 -> [-0.02, -0.02, -0.02]
  cdl.lift            -1 -> [-0.02, -0.02, -0.02]
  cdl.lift            -1 -> [-0.0225, -0.0225, -0.0225]
  cdl.lift            -1 -> [-0.0225, -0.0225, -0.0225]
  cdl.lift            -1 -> [-0.025, -0.025, -0.025]  cdl.lift            -1 -> [-0.025, -0.025, -0.025]

  cdl.lift            -2 -> [-0.03, -0.03, -0.03]
  cdl.lift            -2 -> [-0.03, -0.03, -0.03]
  cdl.lift            -1 -> [-0.0325, -0.0325, -0.0325]
  cdl.lift            -1 -> [-0.0325, -0.0325, -0.0325]
  cdl.lift            -1 -> [-0.035, -0.035, -0.035]  cdl.lift            -1 -> [-0.035, -0.035, -0.035]

  cdl.lift            -2 -> [-0.04, -0.04, -0.04]  cdl.lift            -2 -> [-0.04, -0.04, -0.04]

  cdl.lift            -1 -> [-0.0425, -0.0425, -0.0425]  cdl.lift            -1 -> [-0.0425, -0.0425, -0.0425]

  cdl.lift            +1 -> [-0.04, -0.04, -0.04]  cdl.lift            +1 -> [-0.04, -0.04, -0.04]

  cdl.lift            +1 -> [-0.0375, -0.0375, -0.0375]  cdl.lift            +1 -> [-0.0375, -0.0375, -0.0375]

  cdl.lift            +1 -> [-0.035, -0.035, -0.035]
  cdl.lift            +1 -> [-0.035, -0.035, -0.035]
  cdl.lift            +1 -> [-0.0325, -0.0325, -0.0325]
  cdl.lift            +1 -> [-0.0325, -0.0325, -0.0325]
  cdl.lift            +2 -> [-0.0275, -0.0275, -0.0275]
  cdl.lift            +2 -> [-0.0275, -0.0275, -0.0275]
  cdl.lift            +2 -> [-0.0225, -0.0225, -0.0225]  cdl.lift            +2 -> [-0.0225, -0.0225, -0.0225]

  cdl.lift            +2 -> [-0.0175, -0.0175, -0.0175]
  cdl.lift            +2 -> [-0.0175, -0.0175, -0.0175]
  cdl.lift            +2 -> [-0.0125, -0.0125, -0.0125]
  cdl.lift            +2 -> [-0.0125, -0.0125, -0.0125]
  cdl.lift            +2 -> [-0.0075, -0.0075, -0.0075]
  cdl.lift            +2 -> [-0.0075, -0.0075, -0.0075]
  cdl.lift            +2 -> [-0.0025, -0.0025, -0.0025]  cdl.lift            +2 -> [-0.0025, -0.0025, -0.0025]

  [endstop] 21 at 127 - hold CLUTCH and re-centre the knob
  [endstop] 21 at 127 - hold CLUTCH and re-centre the knob
  cdl.lift            +2 -> [0.0025, 0.0025, 0.0025]
  cdl.lift            +2 -> [0.0025, 0.0025, 0.0025]
  cdl.gamma           +1 -> [1.006, 1.006, 1.006]  cdl.gamma           +1 -> [1.006, 1.006, 1.006]

  cdl.gamma           +1 -> [1.012, 1.012, 1.012]
  cdl.gamma           +1 -> [1.012, 1.012, 1.012]
  cdl.gamma           +1 -> [1.018, 1.018, 1.018]  cdl.gamma           +1 -> [1.018, 1.018, 1.018]

  cdl.gamma           +1 -> [1.024, 1.024, 1.024]
  cdl.gamma           +1 -> [1.024, 1.024, 1.024]
  cdl.gamma           +2 -> [1.036, 1.036, 1.036]
  cdl.gamma           +2 -> [1.036, 1.036, 1.036]
  cdl.gamma           +1 -> [1.042, 1.042, 1.042]
  cdl.gamma           +1 -> [1.042, 1.042, 1.042]
  cdl.gamma           +1 -> [1.048, 1.048, 1.048]
  cdl.gamma           +1 -> [1.048, 1.048, 1.048]
  cdl.gamma           +2 -> [1.06, 1.06, 1.06]  cdl.gamma           +2 -> [1.06, 1.06, 1.06]

  cdl.gamma           +1 -> [1.066, 1.066, 1.066]  cdl.gamma           +1 -> [1.066, 1.066, 1.066]

  cdl.gamma           +2 -> [1.078, 1.078, 1.078]  cdl.gamma           +2 -> [1.078, 1.078, 1.078]

  cdl.gamma           -1 -> [1.072, 1.072, 1.072]
  cdl.gamma           -1 -> [1.072, 1.072, 1.072]
  cdl.gamma           -1 -> [1.066, 1.066, 1.066]  cdl.gamma           -1 -> [1.066, 1.066, 1.066]

  cdl.gamma           -1 -> [1.06, 1.06, 1.06]  cdl.gamma           -1 -> [1.06, 1.06, 1.06]

  cdl.gamma           -1 -> [1.054, 1.054, 1.054]  cdl.gamma           -1 -> [1.054, 1.054, 1.054]

  cdl.gamma           -1 -> [1.048, 1.048, 1.048]
  cdl.gamma           -1 -> [1.048, 1.048, 1.048]
  cdl.gamma           -2 -> [1.036, 1.036, 1.036]  cdl.gamma           -2 -> [1.036, 1.036, 1.036]

  cdl.gamma           -1 -> [1.03, 1.03, 1.03]  cdl.gamma           -1 -> [1.03, 1.03, 1.03]

  cdl.gamma           -1 -> [1.024, 1.024, 1.024]
  cdl.gamma           -1 -> [1.024, 1.024, 1.024]
  cdl.gamma           -2 -> [1.012, 1.012, 1.012]  cdl.gamma           -2 -> [1.012, 1.012, 1.012]

  cdl.gamma           -1 -> [1.006, 1.006, 1.006]
  cdl.gamma           -1 -> [1.006, 1.006, 1.006]
  cdl.gamma           +1 -> [1.012, 1.012, 1.012]  cdl.gamma           +1 -> [1.012, 1.012, 1.012]

  cdl.gamma           +1 -> [1.018, 1.018, 1.018]  cdl.gamma           +1 -> [1.018, 1.018, 1.018]

  cdl.gamma           +1 -> [1.024, 1.024, 1.024]  cdl.gamma           +1 -> [1.024, 1.024, 1.024]

  cdl.gamma           +1 -> [1.03, 1.03, 1.03]
  cdl.gamma           +1 -> [1.03, 1.03, 1.03]
  cdl.gamma           +2 -> [1.042, 1.042, 1.042]  cdl.gamma           +2 -> [1.042, 1.042, 1.042]

  cdl.gamma           +1 -> [1.048, 1.048, 1.048]  cdl.gamma           +1 -> [1.048, 1.048, 1.048]

  cdl.gamma           +1 -> [1.054, 1.054, 1.054]  cdl.gamma           +1 -> [1.054, 1.054, 1.054]

  cdl.gamma           +2 -> [1.066, 1.066, 1.066]  cdl.gamma           +2 -> [1.066, 1.066, 1.066]

  cdl.gamma           +2 -> [1.078, 1.078, 1.078]  cdl.gamma           +2 -> [1.078, 1.078, 1.078]

  cdl.gamma           +1 -> [1.084, 1.084, 1.084]  cdl.gamma           +1 -> [1.084, 1.084, 1.084]

  cdl.gamma           +1 -> [1.09, 1.09, 1.09]
  cdl.gamma           +1 -> [1.09, 1.09, 1.09]
  cdl.gamma           +2 -> [1.102, 1.102, 1.102]  cdl.gamma           +2 -> [1.102, 1.102, 1.102]

  cdl.gamma           +1 -> [1.108, 1.108, 1.108]  cdl.gamma           +1 -> [1.108, 1.108, 1.108]

  cdl.gamma           -1 -> [1.102, 1.102, 1.102]  cdl.gamma           -1 -> [1.102, 1.102, 1.102]

  cdl.gamma           -1 -> [1.096, 1.096, 1.096]
  cdl.gamma           -1 -> [1.096, 1.096, 1.096]
  cdl.gamma           -1 -> [1.09, 1.09, 1.09]
  cdl.gamma           -1 -> [1.09, 1.09, 1.09]
  cdl.gamma           -2 -> [1.078, 1.078, 1.078]
  cdl.gamma           -2 -> [1.078, 1.078, 1.078]
  cdl.gamma           -2 -> [1.066, 1.066, 1.066]
  cdl.gamma           -2 -> [1.066, 1.066, 1.066]
  cdl.gamma           -1 -> [1.06, 1.06, 1.06]
  cdl.gamma           -1 -> [1.06, 1.06, 1.06]
  cdl.gamma           -1 -> [1.054, 1.054, 1.054]
  cdl.gamma           -1 -> [1.054, 1.054, 1.054]
  cdl.gamma           -2 -> [1.042, 1.042, 1.042]  cdl.gamma           -2 -> [1.042, 1.042, 1.042]

  cdl.gamma           -1 -> [1.036, 1.036, 1.036]
  cdl.gamma           -1 -> [1.036, 1.036, 1.036]
  cdl.gamma           -1 -> [1.03, 1.03, 1.03]
  cdl.gamma           -1 -> [1.03, 1.03, 1.03]
  cdl.gamma           -2 -> [1.018, 1.018, 1.018]
  cdl.gamma           -2 -> [1.018, 1.018, 1.018]
  cdl.gamma           -1 -> [1.012, 1.012, 1.012]
  cdl.gamma           -1 -> [1.012, 1.012, 1.012]
  cdl.gamma           -1 -> [1.006, 1.006, 1.006]
  cdl.gamma           -1 -> [1.006, 1.006, 1.006]
  cdl.gamma           -2 -> [0.994, 0.994, 0.994]
  cdl.gamma           -2 -> [0.994, 0.994, 0.994]
  cdl.gamma           -2 -> [0.982, 0.982, 0.982]
  cdl.gamma           -2 -> [0.982, 0.982, 0.982]
  cdl.gamma           -1 -> [0.976, 0.976, 0.976]
  cdl.gamma           -1 -> [0.976, 0.976, 0.976]
  cdl.gamma           +1 -> [0.982, 0.982, 0.982]
  cdl.gamma           +1 -> [0.982, 0.982, 0.982]
  cdl.gamma           +1 -> [0.988, 0.988, 0.988]  cdl.gamma           +1 -> [0.988, 0.988, 0.988]

  cdl.gamma           +2 -> [1.0, 1.0, 1.0]  cdl.gamma           +2 -> [1.0, 1.0, 1.0]

  cdl.gamma           +2 -> [1.012, 1.012, 1.012]
  cdl.gamma           +2 -> [1.012, 1.012, 1.012]
  cdl.gamma           +2 -> [1.024, 1.024, 1.024]
  cdl.gamma           +2 -> [1.024, 1.024, 1.024]
  cdl.gamma           +2 -> [1.036, 1.036, 1.036]
  cdl.gamma           +2 -> [1.036, 1.036, 1.036]
  cdl.gamma           +1 -> [1.042, 1.042, 1.042]  cdl.gamma           +1 -> [1.042, 1.042, 1.042]

  cdl.gamma           +1 -> [1.048, 1.048, 1.048]  cdl.gamma           +1 -> [1.048, 1.048, 1.048]

  cdl.gamma           +1 -> [1.054, 1.054, 1.054]  cdl.gamma           +1 -> [1.054, 1.054, 1.054]

  cdl.gamma           +1 -> [1.06, 1.06, 1.06]
  cdl.gamma           +1 -> [1.06, 1.06, 1.06]
  cdl.gamma           -1 -> [1.054, 1.054, 1.054]
  cdl.gamma           -1 -> [1.054, 1.054, 1.054]
  cdl.gamma           -1 -> [1.048, 1.048, 1.048]
  cdl.gamma           -1 -> [1.048, 1.048, 1.048]
  cdl.gamma           -1 -> [1.042, 1.042, 1.042]  cdl.gamma           -1 -> [1.042, 1.042, 1.042]

  cdl.gamma           +1 -> [1.048, 1.048, 1.048]  cdl.gamma           +1 -> [1.048, 1.048, 1.048]

  cdl.gamma           +1 -> [1.054, 1.054, 1.054]  cdl.gamma           +1 -> [1.054, 1.054, 1.054]

  cdl.gain            +1 -> [1.006, 1.006, 1.006]  cdl.gain            +1 -> [1.006, 1.006, 1.006]

  cdl.gain            +2 -> [1.018, 1.018, 1.018]  cdl.gain            +2 -> [1.018, 1.018, 1.018]

  cdl.gain            +2 -> [1.03, 1.03, 1.03]  cdl.gain            +2 -> [1.03, 1.03, 1.03]

  cdl.gain            +1 -> [1.036, 1.036, 1.036]
  cdl.gain            +1 -> [1.036, 1.036, 1.036]
  cdl.gain            +1 -> [1.042, 1.042, 1.042]
  cdl.gain            +1 -> [1.042, 1.042, 1.042]
  cdl.gain            +1 -> [1.048, 1.048, 1.048]  cdl.gain            +1 -> [1.048, 1.048, 1.048]

  cdl.gain            +1 -> [1.054, 1.054, 1.054]  cdl.gain            +1 -> [1.054, 1.054, 1.054]

  cdl.gain            +1 -> [1.06, 1.06, 1.06]  cdl.gain            +1 -> [1.06, 1.06, 1.06]

  cdl.gain            +2 -> [1.072, 1.072, 1.072]  cdl.gain            +2 -> [1.072, 1.072, 1.072]

  cdl.gain            +2 -> [1.084, 1.084, 1.084]  cdl.gain            +2 -> [1.084, 1.084, 1.084]

  cdl.gain            +2 -> [1.096, 1.096, 1.096]  cdl.gain            +2 -> [1.096, 1.096, 1.096]

  cdl.gain            +1 -> [1.102, 1.102, 1.102]  cdl.gain            +1 -> [1.102, 1.102, 1.102]

  cdl.gain            +1 -> [1.108, 1.108, 1.108]  cdl.gain            +1 -> [1.108, 1.108, 1.108]

  cdl.gain            -1 -> [1.102, 1.102, 1.102]  cdl.gain            -1 -> [1.102, 1.102, 1.102]

  cdl.gain            -1 -> [1.096, 1.096, 1.096]
  cdl.gain            -1 -> [1.096, 1.096, 1.096]
  cdl.gain            -1 -> [1.09, 1.09, 1.09]
  cdl.gain            -1 -> [1.09, 1.09, 1.09]
  cdl.gain            -1 -> [1.084, 1.084, 1.084]  cdl.gain            -1 -> [1.084, 1.084, 1.084]

  cdl.gain            -2 -> [1.072, 1.072, 1.072]  cdl.gain            -2 -> [1.072, 1.072, 1.072]

  cdl.gain            -2 -> [1.06, 1.06, 1.06]
  cdl.gain            -2 -> [1.06, 1.06, 1.06]
  cdl.gain            -1 -> [1.054, 1.054, 1.054]
  cdl.gain            -1 -> [1.054, 1.054, 1.054]
  cdl.gain            +1 -> [1.06, 1.06, 1.06]  cdl.gain            +1 -> [1.06, 1.06, 1.06]

  cdl.gain            +1 -> [1.066, 1.066, 1.066]  cdl.gain            +1 -> [1.066, 1.066, 1.066]

  cdl.gain            +1 -> [1.072, 1.072, 1.072]  cdl.gain            +1 -> [1.072, 1.072, 1.072]

  cdl.gain            +1 -> [1.078, 1.078, 1.078]  cdl.gain            +1 -> [1.078, 1.078, 1.078]

  cdl.gain            +1 -> [1.084, 1.084, 1.084]  cdl.gain            +1 -> [1.084, 1.084, 1.084]

  cdl.sat             +1 -> [1.008]  cdl.sat             +1 -> [1.008]

  cdl.sat             +2 -> [1.024]
  cdl.sat             +2 -> [1.024]
  cdl.sat             +1 -> [1.032]  cdl.sat             +1 -> [1.032]

  cdl.sat             +1 -> [1.04]
  cdl.sat             +1 -> [1.04]
  cdl.sat             +2 -> [1.056]
  cdl.sat             +2 -> [1.056]
  cdl.sat             +1 -> [1.064]
  cdl.sat             +1 -> [1.064]
  cdl.sat             +1 -> [1.072]
  cdl.sat             +1 -> [1.072]
  cdl.sat             +2 -> [1.088]  cdl.sat             +2 -> [1.088]

  cdl.sat             +2 -> [1.104]  cdl.sat             +2 -> [1.104]

  cdl.sat             +2 -> [1.12]  cdl.sat             +2 -> [1.12]

  cdl.sat             +1 -> [1.128]  cdl.sat             +1 -> [1.128]

  cdl.sat             +1 -> [1.136]  cdl.sat             +1 -> [1.136]

  cdl.sat             -1 -> [1.128]  cdl.sat             -1 -> [1.128]

  cdl.sat             -1 -> [1.12]
  cdl.sat             -1 -> [1.12]
  cdl.sat             -1 -> [1.112]
  cdl.sat             -1 -> [1.112]
  cdl.sat             -1 -> [1.104]  cdl.sat             -1 -> [1.104]

  cdl.sat             -1 -> [1.096]  cdl.sat             -1 -> [1.096]

  cdl.sat             -2 -> [1.08]  cdl.sat             -2 -> [1.08]

  cdl.sat             -1 -> [1.072]  cdl.sat             -1 -> [1.072]

  cdl.sat             -1 -> [1.064]
  cdl.sat             -1 -> [1.064]
  cdl.sat             -1 -> [1.056]  cdl.sat             -1 -> [1.056]

  cdl.sat             -2 -> [1.04]
  cdl.sat             -2 -> [1.04]
  cdl.sat             -1 -> [1.032]
  cdl.sat             -1 -> [1.032]
  cdl.sat             -1 -> [1.024]  cdl.sat             -1 -> [1.024]

  cdl.sat             -2 -> [1.008]  cdl.sat             -2 -> [1.008]

  cdl.sat             -1 -> [1.0]  cdl.sat             -1 -> [1.0]

  cdl.sat             -2 -> [0.984]
  cdl.sat             -2 -> [0.984]
  cdl.sat             -1 -> [0.976]  cdl.sat             -1 -> [0.976]

  cdl.sat             +1 -> [0.984]  cdl.sat             +1 -> [0.984]

  cdl.sat             +1 -> [0.992]  cdl.sat             +1 -> [0.992]

  cdl.sat             +1 -> [1.0]  cdl.sat             +1 -> [1.0]

  cdl.sat             +1 -> [1.008]  cdl.sat             +1 -> [1.008]

  cdl.gain.r          -1 -> [1.08, 1.084, 1.084]  cdl.gain.r          -1 -> [1.08, 1.084, 1.084]

  cdl.gain.r          -1 -> [1.076, 1.084, 1.084]  cdl.gain.r          -1 -> [1.076, 1.084, 1.084]

  cdl.gain.r          -1 -> [1.072, 1.084, 1.084]
  cdl.gain.r          -1 -> [1.072, 1.084, 1.084]
  cdl.gain.r          -1 -> [1.068, 1.084, 1.084]
  cdl.gain.r          -1 -> [1.068, 1.084, 1.084]
  cdl.gain.r          -1 -> [1.064, 1.084, 1.084]  cdl.gain.r          -1 -> [1.064, 1.084, 1.084]

  cdl.gain.r          -1 -> [1.06, 1.084, 1.084]  cdl.gain.r          -1 -> [1.06, 1.084, 1.084]

  cdl.gain.r          -1 -> [1.056, 1.084, 1.084]  cdl.gain.r          -1 -> [1.056, 1.084, 1.084]

  cdl.gain.r          +1 -> [1.06, 1.084, 1.084]  cdl.gain.r          +1 -> [1.06, 1.084, 1.084]

  cdl.gain.r          +1 -> [1.064, 1.084, 1.084]  cdl.gain.r          +1 -> [1.064, 1.084, 1.084]

  cdl.gain.g          -1 -> [1.064, 1.08, 1.084]  cdl.gain.g          -1 -> [1.064, 1.08, 1.084]

  cdl.gain.g          -2 -> [1.064, 1.072, 1.084]
  cdl.gain.g          -2 -> [1.064, 1.072, 1.084]
  cdl.gain.g          -2 -> [1.064, 1.064, 1.084]
  cdl.gain.g          -2 -> [1.064, 1.064, 1.084]
  cdl.gain.g          -2 -> [1.064, 1.056, 1.084]  cdl.gain.g          -2 -> [1.064, 1.056, 1.084]

  cdl.gain.g          -1 -> [1.064, 1.052, 1.084]
  cdl.gain.g          -1 -> [1.064, 1.052, 1.084]
  cdl.gain.g          -1 -> [1.064, 1.048, 1.084]  cdl.gain.g          -1 -> [1.064, 1.048, 1.084]

  cdl.gain.g          +1 -> [1.064, 1.052, 1.084]  cdl.gain.g          +1 -> [1.064, 1.052, 1.084]

  cdl.gain.g          +1 -> [1.064, 1.056, 1.084]  cdl.gain.g          +1 -> [1.064, 1.056, 1.084]

  cdl.gain.g          +1 -> [1.064, 1.06, 1.084]  cdl.gain.g          +1 -> [1.064, 1.06, 1.084]

  cdl.gain.g          +1 -> [1.064, 1.064, 1.084]  cdl.gain.g          +1 -> [1.064, 1.064, 1.084]

  cdl.gain.g          +1 -> [1.064, 1.068, 1.084]  cdl.gain.g          +1 -> [1.064, 1.068, 1.084]

  cdl.gain.g          +2 -> [1.064, 1.076, 1.084]
  cdl.gain.g          +2 -> [1.064, 1.076, 1.084]
  cdl.gain.g          +1 -> [1.064, 1.08, 1.084]  cdl.gain.g          +1 -> [1.064, 1.08, 1.084]

  cdl.gain.g          +1 -> [1.064, 1.084, 1.084]
  cdl.gain.g          +1 -> [1.064, 1.084, 1.084]
  cdl.gain.g          +2 -> [1.064, 1.092, 1.084]
  cdl.gain.g          +2 -> [1.064, 1.092, 1.084]
  cdl.gain.g          +2 -> [1.064, 1.1, 1.084]  cdl.gain.g          +2 -> [1.064, 1.1, 1.084]

  cdl.gain.g          +1 -> [1.064, 1.104, 1.084]  cdl.gain.g          +1 -> [1.064, 1.104, 1.084]

  cdl.gain.g          -1 -> [1.064, 1.1, 1.084]  cdl.gain.g          -1 -> [1.064, 1.1, 1.084]

  cdl.gain.g          -1 -> [1.064, 1.096, 1.084]
  cdl.gain.g          -1 -> [1.064, 1.096, 1.084]
  cdl.gain.g          -2 -> [1.064, 1.088, 1.084]
  cdl.gain.g          -2 -> [1.064, 1.088, 1.084]
  cdl.gain.g          -1 -> [1.064, 1.084, 1.084]  cdl.gain.g          -1 -> [1.064, 1.084, 1.084]

  cdl.gain.g          -1 -> [1.064, 1.08, 1.084]
  cdl.gain.g          -1 -> [1.064, 1.08, 1.084]
  cdl.gain.g          -1 -> [1.064, 1.076, 1.084]  cdl.gain.g          -1 -> [1.064, 1.076, 1.084]

  cdl.gain.g          -1 -> [1.064, 1.072, 1.084]  cdl.gain.g          -1 -> [1.064, 1.072, 1.084]

  cdl.gain.g          -1 -> [1.064, 1.068, 1.084]  cdl.gain.g          -1 -> [1.064, 1.068, 1.084]

  cdl.gain.b          +1 -> [1.064, 1.068, 1.088]  cdl.gain.b          +1 -> [1.064, 1.068, 1.088]

  cdl.gain.b          +1 -> [1.064, 1.068, 1.092]
  cdl.gain.b          +1 -> [1.064, 1.068, 1.092]
  cdl.gain.b          +1 -> [1.064, 1.068, 1.096]  cdl.gain.b          +1 -> [1.064, 1.068, 1.096]

  cdl.gain.b          +1 -> [1.064, 1.068, 1.1]
  cdl.gain.b          +1 -> [1.064, 1.068, 1.1]
  cdl.gain.b          +1 -> [1.064, 1.068, 1.104]  cdl.gain.b          +1 -> [1.064, 1.068, 1.104]

  cdl.gain.b          +1 -> [1.064, 1.068, 1.108]  cdl.gain.b          +1 -> [1.064, 1.068, 1.108]

  cdl.gain.b          -1 -> [1.064, 1.068, 1.104]  cdl.gain.b          -1 -> [1.064, 1.068, 1.104]

  cdl.gain.b          -1 -> [1.064, 1.068, 1.1]  cdl.gain.b          -1 -> [1.064, 1.068, 1.1]

  cdl.gain.b          -1 -> [1.064, 1.068, 1.096]  cdl.gain.b          -1 -> [1.064, 1.068, 1.096]

  cdl.gain.b          -2 -> [1.064, 1.068, 1.088]  cdl.gain.b          -2 -> [1.064, 1.068, 1.088]

  cdl.gain.b          -2 -> [1.064, 1.068, 1.08]  cdl.gain.b          -2 -> [1.064, 1.068, 1.08]

  cdl.gain.b          -1 -> [1.064, 1.068, 1.076]
  cdl.gain.b          -1 -> [1.064, 1.068, 1.076]
  cdl.gain.b          -1 -> [1.064, 1.068, 1.072]  cdl.gain.b          -1 -> [1.064, 1.068, 1.072]

  cdl.gain.b          -2 -> [1.064, 1.068, 1.064]  cdl.gain.b          -2 -> [1.064, 1.068, 1.064]

  cdl.gain.b          -1 -> [1.064, 1.068, 1.06]  cdl.gain.b          -1 -> [1.064, 1.068, 1.06]

  cdl.gain.b          -2 -> [1.064, 1.068, 1.052]  cdl.gain.b          -2 -> [1.064, 1.068, 1.052]

  cdl.gain.b          -1 -> [1.064, 1.068, 1.048]
  cdl.gain.b          -1 -> [1.064, 1.068, 1.048]
  cdl.gain.b          +1 -> [1.064, 1.068, 1.052]  cdl.gain.b          +1 -> [1.064, 1.068, 1.052]

  cdl.gain.b          +1 -> [1.064, 1.068, 1.056]  cdl.gain.b          +1 -> [1.064, 1.068, 1.056]

  cdl.gain.b          +1 -> [1.064, 1.068, 1.06]  cdl.gain.b          +1 -> [1.064, 1.068, 1.06]

  cdl.gain.b          +1 -> [1.064, 1.068, 1.064]  cdl.gain.b          +1 -> [1.064, 1.068, 1.064]

  cdl.gain.b          +1 -> [1.064, 1.068, 1.068]  cdl.gain.b          +1 -> [1.064, 1.068, 1.068]

  cdl.lift.r          +1 -> [0.005, 0.0025, 0.0025]  cdl.lift.r          +1 -> [0.005, 0.0025, 0.0025]

  cdl.lift.r          +1 -> [0.0075, 0.0025, 0.0025]  cdl.lift.r          +1 -> [0.0075, 0.0025, 0.0025]

  cdl.lift.r          +1 -> [0.01, 0.0025, 0.0025]  cdl.lift.r          +1 -> [0.01, 0.0025, 0.0025]

  cdl.lift.r          -1 -> [0.0075, 0.0025, 0.0025]  cdl.lift.r          -1 -> [0.0075, 0.0025, 0.0025]

  cdl.lift.r          -1 -> [0.005, 0.0025, 0.0025]
  cdl.lift.r          -1 -> [0.005, 0.0025, 0.0025]
  cdl.lift.r          -1 -> [0.0025, 0.0025, 0.0025]
  cdl.lift.r          -1 -> [0.0025, 0.0025, 0.0025]
  cdl.lift.r          -1 -> [0.0, 0.0025, 0.0025]  cdl.lift.r          -1 -> [0.0, 0.0025, 0.0025]

  cdl.gamma           +1 -> [1.06, 1.06, 1.06]  cdl.gamma           +1 -> [1.06, 1.06, 1.06]

  cdl.gamma           +1 -> [1.066, 1.066, 1.066]
  cdl.gamma           +1 -> [1.066, 1.066, 1.066]
  cdl.gamma           +2 -> [1.078, 1.078, 1.078]  cdl.gamma           +2 -> [1.078, 1.078, 1.078]

  cdl.gamma           +2 -> [1.09, 1.09, 1.09]
  cdl.gamma           +2 -> [1.09, 1.09, 1.09]
  cdl.gamma           +2 -> [1.102, 1.102, 1.102]  cdl.gamma           +2 -> [1.102, 1.102, 1.102]

  cdl.gamma           +1 -> [1.108, 1.108, 1.108]  cdl.gamma           +1 -> [1.108, 1.108, 1.108]

  cdl.gamma           -1 -> [1.102, 1.102, 1.102]  cdl.gamma           -1 -> [1.102, 1.102, 1.102]

  cdl.gamma           -1 -> [1.096, 1.096, 1.096]  cdl.gamma           -1 -> [1.096, 1.096, 1.096]

  cdl.gamma           -2 -> [1.084, 1.084, 1.084]  cdl.gamma           -2 -> [1.084, 1.084, 1.084]

  cdl.gamma           -2 -> [1.072, 1.072, 1.072]  cdl.gamma           -2 -> [1.072, 1.072, 1.072]

  cdl.gamma           -2 -> [1.06, 1.06, 1.06]  cdl.gamma           -2 -> [1.06, 1.06, 1.06]

  cdl.gamma           -1 -> [1.054, 1.054, 1.054]
  cdl.gamma           -1 -> [1.054, 1.054, 1.054]
  cdl.gamma           -1 -> [1.048, 1.048, 1.048]  cdl.gamma           -1 -> [1.048, 1.048, 1.048]

  cdl.gamma           -1 -> [1.042, 1.042, 1.042]  cdl.gamma           -1 -> [1.042, 1.042, 1.042]

  cdl.gamma           -1 -> [1.036, 1.036, 1.036]  cdl.gamma           -1 -> [1.036, 1.036, 1.036]

  cdl.gamma           -1 -> [1.03, 1.03, 1.03]  cdl.gamma           -1 -> [1.03, 1.03, 1.03]

  cdl.gamma           -1 -> [1.024, 1.024, 1.024]  cdl.gamma           -1 -> [1.024, 1.024, 1.024]

  cdl.gamma           -1 -> [1.018, 1.018, 1.018]  cdl.gamma           -1 -> [1.018, 1.018, 1.018]

  cdl.gamma           -1 -> [1.012, 1.012, 1.012]  cdl.gamma           -1 -> [1.012, 1.012, 1.012]

  cdl.gamma           -1 -> [1.006, 1.006, 1.006]  cdl.gamma           -1 -> [1.006, 1.006, 1.006]

  cdl.gamma           +1 -> [1.012, 1.012, 1.012]  cdl.gamma           +1 -> [1.012, 1.012, 1.012]

  cdl.gamma           +1 -> [1.018, 1.018, 1.018]  cdl.gamma           +1 -> [1.018, 1.018, 1.018]

  cdl.gamma           +2 -> [1.03, 1.03, 1.03]  cdl.gamma           +2 -> [1.03, 1.03, 1.03]

  cdl.gamma           +2 -> [1.042, 1.042, 1.042]  cdl.gamma           +2 -> [1.042, 1.042, 1.042]

  cdl.gamma           +1 -> [1.048, 1.048, 1.048]  cdl.gamma           +1 -> [1.048, 1.048, 1.048]

  cdl.gamma           +1 -> [1.054, 1.054, 1.054]  cdl.gamma           +1 -> [1.054, 1.054, 1.054]

  cdl.gamma           +2 -> [1.066, 1.066, 1.066]  cdl.gamma           +2 -> [1.066, 1.066, 1.066]

  cdl.gamma           +1 -> [1.072, 1.072, 1.072]
  cdl.gamma           +1 -> [1.072, 1.072, 1.072]
  cdl.gamma           -1 -> [1.066, 1.066, 1.066]  cdl.gamma           -1 -> [1.066, 1.066, 1.066]

  cdl.gamma           -1 -> [1.06, 1.06, 1.06]
  cdl.gamma           -1 -> [1.06, 1.06, 1.06]
  cdl.gamma           -2 -> [1.048, 1.048, 1.048]
  cdl.gamma           -2 -> [1.048, 1.048, 1.048]
  cdl.gamma           -1 -> [1.042, 1.042, 1.042]  cdl.gamma           -1 -> [1.042, 1.042, 1.042]

  cdl.gain            +1 -> [1.07, 1.074, 1.074]  cdl.gain            +1 -> [1.07, 1.074, 1.074]

  cdl.gain            +1 -> [1.076, 1.08, 1.08]
  cdl.gain            +1 -> [1.076, 1.08, 1.08]
  cdl.gain            +2 -> [1.088, 1.092, 1.092]  cdl.gain            +2 -> [1.088, 1.092, 1.092]

  cdl.gain            +1 -> [1.094, 1.098, 1.098]  cdl.gain            +1 -> [1.094, 1.098, 1.098]

  cdl.gain            +1 -> [1.1, 1.104, 1.104]  cdl.gain            +1 -> [1.1, 1.104, 1.104]

  cdl.gain            +1 -> [1.106, 1.11, 1.11]
  cdl.gain            +1 -> [1.106, 1.11, 1.11]
  cdl.gain            +1 -> [1.112, 1.116, 1.116]  cdl.gain            +1 -> [1.112, 1.116, 1.116]

  cdl.gain            +1 -> [1.118, 1.122, 1.122]  cdl.gain            +1 -> [1.118, 1.122, 1.122]

  cdl.gain            +1 -> [1.124, 1.128, 1.128]  cdl.gain            +1 -> [1.124, 1.128, 1.128]

  cdl.gain            +1 -> [1.13, 1.134, 1.134]  cdl.gain            +1 -> [1.13, 1.134, 1.134]

  cdl.gain            +1 -> [1.136, 1.14, 1.14]  cdl.gain            +1 -> [1.136, 1.14, 1.14]

  cdl.gain            +1 -> [1.142, 1.146, 1.146]  cdl.gain            +1 -> [1.142, 1.146, 1.146]

  cdl.gain            -1 -> [1.136, 1.14, 1.14]  cdl.gain            -1 -> [1.136, 1.14, 1.14]

  cdl.sat             +1 -> [1.016]  cdl.sat             +1 -> [1.016]

  cdl.sat             +1 -> [1.024]  cdl.sat             +1 -> [1.024]

  cdl.sat             +1 -> [1.032]
  cdl.sat             +1 -> [1.032]
  cdl.sat             +2 -> [1.048]
  cdl.sat             +2 -> [1.048]
  cdl.sat             +2 -> [1.064]  cdl.sat             +2 -> [1.064]

  cdl.sat             +2 -> [1.08]  cdl.sat             +2 -> [1.08]

  cdl.sat             -1 -> [1.072]  cdl.sat             -1 -> [1.072]

  cdl.sat             -1 -> [1.064]  cdl.sat             -1 -> [1.064]

  cdl.sat             -2 -> [1.048]  cdl.sat             -2 -> [1.048]

  cdl.sat             +1 -> [1.056]  cdl.sat             +1 -> [1.056]

  cdl.sat             +1 -> [1.064]  cdl.sat             +1 -> [1.064]

  cdl.sat             +1 -> [1.072]
  cdl.sat             +1 -> [1.072]
  cdl.sat             +1 -> [1.08]
  cdl.sat             +1 -> [1.08]
  cdl.sat             +1 -> [1.088]  cdl.sat             +1 -> [1.088]

  cdl.sat             +1 -> [1.096]
  cdl.sat             +1 -> [1.096]
  cdl.sat             +2 -> [1.112]
  cdl.sat             +2 -> [1.112]
  cdl.sat             +2 -> [1.128]
  cdl.sat             +2 -> [1.128]
  cdl.sat             +1 -> [1.136]
  cdl.sat             +1 -> [1.136]
  cdl.sat             +2 -> [1.152]
  cdl.sat             +2 -> [1.152]
  cdl.sat             +1 -> [1.16]
  cdl.sat             +1 -> [1.16]
  cdl.sat             +1 -> [1.168]
  cdl.sat             +1 -> [1.168]
  cdl.sat             +2 -> [1.184]
  cdl.sat             +2 -> [1.184]
  cdl.sat             +1 -> [1.192]  cdl.sat             +1 -> [1.192]

  cdl.sat             +1 -> [1.2]
  cdl.sat             +1 -> [1.2]
  cdl.sat             +2 -> [1.216]
  cdl.sat             +2 -> [1.216]
  cdl.sat             +1 -> [1.224]  cdl.sat             +1 -> [1.224]

  cdl.sat             +1 -> [1.232]  cdl.sat             +1 -> [1.232]

  cdl.sat             +2 -> [1.248]  cdl.sat             +2 -> [1.248]

  cdl.sat             +1 -> [1.256]
  cdl.sat             +1 -> [1.256]
  cdl.sat             -1 -> [1.248]  cdl.sat             -1 -> [1.248]

  cdl.sat             -1 -> [1.24]  cdl.sat             -1 -> [1.24]

  cdl.sat             -1 -> [1.232]
  cdl.sat             -1 -> [1.232]
  cdl.sat             -2 -> [1.216]  cdl.sat             -2 -> [1.216]

  cdl.sat             -1 -> [1.208]  cdl.sat             -1 -> [1.208]

  cdl.sat             -1 -> [1.2]
  cdl.sat             -1 -> [1.2]
  cdl.sat             -2 -> [1.184]
  cdl.sat             -2 -> [1.184]
  cdl.sat             -1 -> [1.176]
  cdl.sat             -1 -> [1.176]
  cdl.sat             -1 -> [1.168]
  cdl.sat             -1 -> [1.168]
  cdl.sat             -2 -> [1.152]  cdl.sat             -2 -> [1.152]

  cdl.sat             -1 -> [1.144]
  cdl.sat             -1 -> [1.144]
  cdl.sat             -1 -> [1.136]  cdl.sat             -1 -> [1.136]

  cdl.sat             -1 -> [1.128]  cdl.sat             -1 -> [1.128]

  cdl.sat             -1 -> [1.12]
  cdl.sat             -1 -> [1.12]
  cdl.sat             -1 -> [1.112]  cdl.sat             -1 -> [1.112]

  cdl.sat             -1 -> [1.104]  cdl.sat             -1 -> [1.104]

  cdl.sat             -1 -> [1.096]
  cdl.sat             -1 -> [1.096]
  cdl.sat             -1 -> [1.088]  cdl.sat             -1 -> [1.088]

  cdl.sat             -2 -> [1.072]
  cdl.sat             -2 -> [1.072]
  cdl.sat             -1 -> [1.064]
  cdl.sat             -1 -> [1.064]
  cdl.sat             +1 -> [1.072]  cdl.sat             +1 -> [1.072]

  cdl.sat             +1 -> [1.08]
  cdl.sat             +1 -> [1.08]
  cdl.sat             +1 -> [1.088]
  cdl.sat             +1 -> [1.088]
  cdl.sat             +1 -> [1.096]
  cdl.sat             +1 -> [1.096]
  cdl.sat             +2 -> [1.112]  cdl.sat             +2 -> [1.112]

  cdl.sat             +2 -> [1.128]
  cdl.sat             +2 -> [1.128]
  cdl.sat             +2 -> [1.144]
  cdl.sat             +2 -> [1.144]
  cdl.sat             +1 -> [1.152]  cdl.sat             +1 -> [1.152]

  cdl.sat             +2 -> [1.168]  cdl.sat             +2 -> [1.168]

  cdl.sat             +2 -> [1.184]  cdl.sat             +2 -> [1.184]

  cdl.sat             +1 -> [1.192]
  cdl.sat             +1 -> [1.192]
  cdl.sat             +1 -> [1.2]
  cdl.sat             +1 -> [1.2]
  cdl.sat             +2 -> [1.216]
  cdl.sat             +2 -> [1.216]
  cdl.sat             +1 -> [1.224]
  cdl.sat             +1 -> [1.224]
  cdl.sat             +1 -> [1.232]  cdl.sat             +1 -> [1.232]

  cdl.sat             +2 -> [1.248]  cdl.sat             +2 -> [1.248]

  cdl.sat             +2 -> [1.264]
  cdl.sat             +2 -> [1.264]
  cdl.sat             -1 -> [1.256]  cdl.sat             -1 -> [1.256]

  cdl.sat             -1 -> [1.248]  cdl.sat             -1 -> [1.248]

  cdl.sat             -1 -> [1.24]
  cdl.sat             -1 -> [1.24]
  cdl.sat             -1 -> [1.232]  cdl.sat             -1 -> [1.232]

  cdl.sat             -2 -> [1.216]  cdl.sat             -2 -> [1.216]

  cdl.sat             -1 -> [1.208]  cdl.sat             -1 -> [1.208]

  cdl.sat             -1 -> [1.2]
  cdl.sat             -1 -> [1.2]
  cdl.sat             -2 -> [1.184]
  cdl.sat             -2 -> [1.184]
  cdl.sat             -1 -> [1.176]  cdl.sat             -1 -> [1.176]

  cdl.sat             -1 -> [1.168]
  cdl.sat             -1 -> [1.168]
  cdl.sat             -2 -> [1.152]  cdl.sat             -2 -> [1.152]

  cdl.sat             -1 -> [1.144]
  cdl.sat             -1 -> [1.144]
  cdl.sat             -2 -> [1.128]  cdl.sat             -2 -> [1.128]

  cdl.sat             -2 -> [1.112]  cdl.sat             -2 -> [1.112]

  cdl.sat             +1 -> [1.12]  cdl.sat             +1 -> [1.12]

  cdl.sat             +1 -> [1.128]  cdl.sat             +1 -> [1.128]

  cdl.sat             +1 -> [1.136]
  cdl.sat             +1 -> [1.136]
  cdl.sat             +1 -> [1.144]  cdl.sat             +1 -> [1.144]

  cdl.sat             +1 -> [1.152]  cdl.sat             +1 -> [1.152]

  cdl.sat             +2 -> [1.168]  cdl.sat             +2 -> [1.168]

  cdl.sat             +1 -> [1.176]  cdl.sat             +1 -> [1.176]

  cdl.sat             +1 -> [1.184]  cdl.sat             +1 -> [1.184]

  cdl.sat             +2 -> [1.2]  cdl.sat             +2 -> [1.2]

  cdl.sat             +1 -> [1.208]
  cdl.sat             +1 -> [1.208]
  cdl.sat             +1 -> [1.216]  cdl.sat             +1 -> [1.216]

  cdl.sat             +2 -> [1.232]
  cdl.sat             +2 -> [1.232]
  cdl.sat             +1 -> [1.24]  cdl.sat             +1 -> [1.24]

  cdl.sat             +1 -> [1.248]
  cdl.sat             +1 -> [1.248]
  cdl.sat             +2 -> [1.264]  cdl.sat             +2 -> [1.264]

  cdl.sat             +2 -> [1.28]  cdl.sat             +2 -> [1.28]

  cdl.sat             +1 -> [1.288]  cdl.sat             +1 -> [1.288]

  cdl.sat             +1 -> [1.296]  cdl.sat             +1 -> [1.296]

  cdl.sat             -1 -> [1.288]  cdl.sat             -1 -> [1.288]

  cdl.sat             -1 -> [1.28]
  cdl.sat             -1 -> [1.28]
  cdl.sat             -1 -> [1.272]
  cdl.sat             -1 -> [1.272]
  cdl.sat             -1 -> [1.264]
  cdl.sat             -1 -> [1.264]
  cdl.sat             -2 -> [1.248]  cdl.sat             -2 -> [1.248]

  cdl.sat             -1 -> [1.24]
  cdl.sat             -1 -> [1.24]
  cdl.sat             -1 -> [1.232]
  cdl.sat             -1 -> [1.232]
  cdl.sat             -2 -> [1.216]  cdl.sat             -2 -> [1.216]

  cdl.sat             -1 -> [1.208]  cdl.sat             -1 -> [1.208]

  cdl.sat             -1 -> [1.2]  cdl.sat             -1 -> [1.2]

  cdl.sat             -2 -> [1.184]  cdl.sat             -2 -> [1.184]

  cdl.sat             -1 -> [1.176]
  cdl.sat             -1 -> [1.176]
  cdl.sat             -1 -> [1.168]  cdl.sat             -1 -> [1.168]

  cdl.sat             -2 -> [1.152]  cdl.sat             -2 -> [1.152]

  cdl.sat             -2 -> [1.136]  cdl.sat             -2 -> [1.136]

  cdl.sat             -2 -> [1.12]  cdl.sat             -2 -> [1.12]

  cdl.sat             -2 -> [1.104]  cdl.sat             -2 -> [1.104]

  cdl.sat             -2 -> [1.088]
  cdl.sat             -2 -> [1.088]
  cdl.sat             -2 -> [1.072]  cdl.sat             -2 -> [1.072]

  cdl.sat             -2 -> [1.056]  cdl.sat             -2 -> [1.056]

  cdl.sat             -1 -> [1.048]
  cdl.sat             -1 -> [1.048]
  cdl.sat             -1 -> [1.04]  cdl.sat             -1 -> [1.04]

  cdl.sat             +1 -> [1.048]  cdl.sat             +1 -> [1.048]

  cdl.sat             +1 -> [1.056]
  cdl.sat             +1 -> [1.056]
  cdl.sat             +1 -> [1.064]  cdl.sat             +1 -> [1.064]

  cdl.sat             +2 -> [1.08]  cdl.sat             +2 -> [1.08]

  cdl.sat             +1 -> [1.088]  cdl.sat             +1 -> [1.088]

  cdl.sat             +1 -> [1.096]  cdl.sat             +1 -> [1.096]

  cdl.sat             +2 -> [1.112]  cdl.sat             +2 -> [1.112]

  cdl.sat             +1 -> [1.12]  cdl.sat             +1 -> [1.12]

  cdl.sat             -1 -> [1.112]  cdl.sat             -1 -> [1.112]

  cdl.sat             -1 -> [1.104]  cdl.sat             -1 -> [1.104]

  cdl.sat             -1 -> [1.096]  cdl.sat             -1 -> [1.096]

  cdl.sat             -1 -> [1.088]  cdl.sat             -1 -> [1.088]

  cdl.gain.r          +1 -> [1.14, 1.14, 1.14]
  cdl.gain.r          +1 -> [1.14, 1.14, 1.14]
  cdl.gain.r          +1 -> [1.144, 1.14, 1.14]
  cdl.gain.r          +1 -> [1.144, 1.14, 1.14]
  cdl.gain.r          +1 -> [1.148, 1.14, 1.14]  cdl.gain.r          +1 -> [1.148, 1.14, 1.14]

  cdl.gain.r          +1 -> [1.152, 1.14, 1.14]  cdl.gain.r          +1 -> [1.152, 1.14, 1.14]

  cdl.gain.r          +2 -> [1.16, 1.14, 1.14]
  cdl.gain.r          +2 -> [1.16, 1.14, 1.14]
  cdl.gain.r          +2 -> [1.168, 1.14, 1.14]  cdl.gain.r          +2 -> [1.168, 1.14, 1.14]

  cdl.gain.r          +2 -> [1.176, 1.14, 1.14]  cdl.gain.r          +2 -> [1.176, 1.14, 1.14]

  cdl.gain.r          +1 -> [1.18, 1.14, 1.14]  cdl.gain.r          +1 -> [1.18, 1.14, 1.14]

  cdl.gain.r          -1 -> [1.176, 1.14, 1.14]  cdl.gain.r          -1 -> [1.176, 1.14, 1.14]

  cdl.gain.r          -1 -> [1.172, 1.14, 1.14]  cdl.gain.r          -1 -> [1.172, 1.14, 1.14]

  cdl.gain.r          -1 -> [1.168, 1.14, 1.14]  cdl.gain.r          -1 -> [1.168, 1.14, 1.14]

  cdl.gain.r          -1 -> [1.164, 1.14, 1.14]  cdl.gain.r          -1 -> [1.164, 1.14, 1.14]

  cdl.gain.r          -1 -> [1.16, 1.14, 1.14]  cdl.gain.r          -1 -> [1.16, 1.14, 1.14]

  cdl.gain.r          -1 -> [1.156, 1.14, 1.14]  cdl.gain.r          -1 -> [1.156, 1.14, 1.14]

  cdl.gain.r          -1 -> [1.152, 1.14, 1.14]  cdl.gain.r          -1 -> [1.152, 1.14, 1.14]

  cdl.gain.r          -1 -> [1.148, 1.14, 1.14]  cdl.gain.r          -1 -> [1.148, 1.14, 1.14]

  cdl.gain.r          -1 -> [1.144, 1.14, 1.14]  cdl.gain.r          -1 -> [1.144, 1.14, 1.14]

  cdl.gain.g          +1 -> [1.144, 1.144, 1.14]  cdl.gain.g          +1 -> [1.144, 1.144, 1.14]

  cdl.gain.g          +1 -> [1.144, 1.148, 1.14]  cdl.gain.g          +1 -> [1.144, 1.148, 1.14]

  cdl.gain.g          +2 -> [1.144, 1.156, 1.14]  cdl.gain.g          +2 -> [1.144, 1.156, 1.14]

  cdl.gain.g          +2 -> [1.144, 1.164, 1.14]  cdl.gain.g          +2 -> [1.144, 1.164, 1.14]

  cdl.gain.g          +2 -> [1.144, 1.172, 1.14]  cdl.gain.g          +2 -> [1.144, 1.172, 1.14]

  cdl.gain.g          -1 -> [1.144, 1.168, 1.14]  cdl.gain.g          -1 -> [1.144, 1.168, 1.14]

  cdl.gain.g          -1 -> [1.144, 1.164, 1.14]  cdl.gain.g          -1 -> [1.144, 1.164, 1.14]

  cdl.gain.g          -1 -> [1.144, 1.16, 1.14]  cdl.gain.g          -1 -> [1.144, 1.16, 1.14]

  cdl.gain.g          -1 -> [1.144, 1.156, 1.14]
  cdl.gain.g          -1 -> [1.144, 1.156, 1.14]
  cdl.gain.g          -1 -> [1.144, 1.152, 1.14]  cdl.gain.g          -1 -> [1.144, 1.152, 1.14]

  cdl.gain.g          -1 -> [1.144, 1.148, 1.14]  cdl.gain.g          -1 -> [1.144, 1.148, 1.14]

  cdl.gain.g          -1 -> [1.144, 1.144, 1.14]
  cdl.gain.g          -1 -> [1.144, 1.144, 1.14]
  cdl.gain.g          -1 -> [1.144, 1.14, 1.14]
  cdl.gain.g          -1 -> [1.144, 1.14, 1.14]
  cdl.gain.g          -1 -> [1.144, 1.136, 1.14]  cdl.gain.g          -1 -> [1.144, 1.136, 1.14]

  cdl.gain.g          -1 -> [1.144, 1.132, 1.14]  cdl.gain.g          -1 -> [1.144, 1.132, 1.14]

  cdl.gain.g          +1 -> [1.144, 1.136, 1.14]  cdl.gain.g          +1 -> [1.144, 1.136, 1.14]

  cdl.gain.g          +1 -> [1.144, 1.14, 1.14]  cdl.gain.g          +1 -> [1.144, 1.14, 1.14]

  cdl.gain.g          +1 -> [1.144, 1.144, 1.14]  cdl.gain.g          +1 -> [1.144, 1.144, 1.14]

  node.delete -> node True/0  node.delete -> node True/0

  node.delete -> node True/0
  node.delete -> node True/0
  node.toggle
  node.toggle
  viewer.bypass -> node True/0
  viewer.bypass -> node True/0
  node.add_parallel -> node True/3
  node.add_parallel -> node True/3
  grade.reset_node  grade.reset_node

  node.add_parallel -> node True/5  node.add_parallel -> node True/5

  node.add_serial -> node True/7
  node.add_serial -> node True/7
  node.add_serial -> node True/9
  node.add_serial -> node True/9
  grade.reset_node
  grade.reset_node
  grade.reset_node  grade.reset_node

  node.add_parallel -> node True/11  node.add_parallel -> node True/11

  viewer.bypass -> node True/11
  viewer.bypass -> node True/11
  node.add_serial -> node True/13  node.add_serial -> node True/13

  node.add_serial -> node True/15
  node.add_serial -> node True/15
  node.toggle  node.toggle

  node.toggle
  node.toggle
  clip.next -> node True/15
  clip.next -> node True/15
  clip.prev -> node True/15
  clip.prev -> node True/15
  node.add_parallel -> node True/17
  node.add_parallel -> node True/17
  node.delete -> node True/15
  node.delete -> node True/15
  node.delete -> node True/13
  node.delete -> node True/13
  node.next -> node 2/13  node.next -> node 2/13

  node.toggle  node.toggle

  viewer.bypass -> node True/13  viewer.bypass -> node True/13

  viewer.bypass -> node True/13
  viewer.bypass -> node True/13
  viewer.bypass -> node True/13
  viewer.bypass -> node True/13
  viewer.bypass -> node True/13
  viewer.bypass -> node True/13
  viewer.bypass -> node True/13
  viewer.bypass -> node True/13
  grade.reset_node  grade.reset_node

  grade.reset_node  grade.reset_node

  page.color
  page.color
  clip.next -> node True/0
  cdl.lift            +1 -> [0.0025, 0.0025, 0.0025]
  cdl.lift            +1 -> [0.005, 0.005, 0.005]
  cdl.lift            +1 -> [0.0075, 0.0075, 0.0075]
  cdl.lift            +2 -> [0.0125, 0.0125, 0.0125]
  cdl.lift            +2 -> [0.0175, 0.0175, 0.0175]
  cdl.lift            +2 -> [0.0225, 0.0225, 0.0225]
  cdl.lift            +2 -> [0.0275, 0.0275, 0.0275]
  cdl.lift            +2 -> [0.0325, 0.0325, 0.0325]
  cdl.lift            +2 -> [0.0375, 0.0375, 0.0375]
  cdl.lift            +2 -> [0.0425, 0.0425, 0.0425]
  cdl.lift            +2 -> [0.0475, 0.0475, 0.0475]
  cdl.lift            +2 -> [0.0525, 0.0525, 0.0525]
  cdl.lift            +2 -> [0.0575, 0.0575, 0.0575]
  cdl.lift            +2 -> [0.0625, 0.0625, 0.0625]
  cdl.lift            +2 -> [0.0675, 0.0675, 0.0675]
  cdl.lift            +2 -> [0.0725, 0.0725, 0.0725]
  cdl.lift            +2 -> [0.0775, 0.0775, 0.0775]
  cdl.lift            +2 -> [0.0825, 0.0825, 0.0825]
  cdl.lift            +2 -> [0.0875, 0.0875, 0.0875]
  cdl.lift            +2 -> [0.0925, 0.0925, 0.0925]
  cdl.lift            +2 -> [0.0975, 0.0975, 0.0975]
  cdl.lift            +2 -> [0.1025, 0.1025, 0.1025]
  cdl.lift            +2 -> [0.1075, 0.1075, 0.1075]
  cdl.lift            +2 -> [0.1125, 0.1125, 0.1125]
  cdl.lift            +2 -> [0.1175, 0.1175, 0.1175]
  cdl.lift            -1 -> [0.115, 0.115, 0.115]
  cdl.lift            -1 -> [0.1125, 0.1125, 0.1125]
  cdl.lift            -1 -> [0.11, 0.11, 0.11]
  cdl.lift            -2 -> [0.105, 0.105, 0.105]
  cdl.lift            -2 -> [0.1, 0.1, 0.1]
  cdl.lift            -2 -> [0.095, 0.095, 0.095]
  cdl.lift            -2 -> [0.09, 0.09, 0.09]
  cdl.lift            -4 -> [0.08, 0.08, 0.08]
  cdl.lift            -2 -> [0.075, 0.075, 0.075]
  cdl.lift            -2 -> [0.07, 0.07, 0.07]
  cdl.lift            -4 -> [0.06, 0.06, 0.06]
  cdl.lift            -2 -> [0.055, 0.055, 0.055]
  cdl.lift            -2 -> [0.05, 0.05, 0.05]
  cdl.lift            -2 -> [0.045, 0.045, 0.045]
  cdl.lift            -2 -> [0.04, 0.04, 0.04]
  cdl.lift            -2 -> [0.035, 0.035, 0.035]
  cdl.lift            -2 -> [0.03, 0.03, 0.03]
  cdl.lift            -2 -> [0.025, 0.025, 0.025]
  cdl.lift            -2 -> [0.02, 0.02, 0.02]
  cdl.lift            -2 -> [0.015, 0.015, 0.015]
  cdl.lift            -2 -> [0.01, 0.01, 0.01]
  cdl.lift            -2 -> [0.005, 0.005, 0.005]
  cdl.lift            -2 -> [0.0, 0.0, 0.0]
  [endstop] 21 at 0 - hold CLUTCH and re-centre the knob
  cdl.lift            -1 -> [-0.0025, -0.0025, -0.0025]
  cdl.gamma           +4 -> [1.024, 1.024, 1.024]
  cdl.gamma           +4 -> [1.048, 1.048, 1.048]
  cdl.gamma           +2 -> [1.06, 1.06, 1.06]
  cdl.gamma           +2 -> [1.072, 1.072, 1.072]
  cdl.gamma           +2 -> [1.084, 1.084, 1.084]
  cdl.gamma           +2 -> [1.096, 1.096, 1.096]
  cdl.gamma           +2 -> [1.108, 1.108, 1.108]
  cdl.gamma           +2 -> [1.12, 1.12, 1.12]
  cdl.gamma           +2 -> [1.132, 1.132, 1.132]
  cdl.gamma           +2 -> [1.144, 1.144, 1.144]
  cdl.gamma           +2 -> [1.156, 1.156, 1.156]
  cdl.gamma           +2 -> [1.168, 1.168, 1.168]
  cdl.gamma           +2 -> [1.18, 1.18, 1.18]
  cdl.gamma           +2 -> [1.192, 1.192, 1.192]
  cdl.gamma           +2 -> [1.204, 1.204, 1.204]
  cdl.gamma           +2 -> [1.216, 1.216, 1.216]
  cdl.gamma           +2 -> [1.228, 1.228, 1.228]
  cdl.gamma           +1 -> [1.234, 1.234, 1.234]
  cdl.gamma           +1 -> [1.24, 1.24, 1.24]
  cdl.gamma           +2 -> [1.252, 1.252, 1.252]
  cdl.gamma           +1 -> [1.258, 1.258, 1.258]
  cdl.gamma           -1 -> [1.252, 1.252, 1.252]
  cdl.gamma           -1 -> [1.246, 1.246, 1.246]
  cdl.gamma           -1 -> [1.24, 1.24, 1.24]
  cdl.gamma           -1 -> [1.234, 1.234, 1.234]
  cdl.gamma           -2 -> [1.222, 1.222, 1.222]
  cdl.gamma           -2 -> [1.21, 1.21, 1.21]
  cdl.gamma           -4 -> [1.186, 1.186, 1.186]
  cdl.gamma           -2 -> [1.174, 1.174, 1.174]
  cdl.gamma           -4 -> [1.15, 1.15, 1.15]
  cdl.gamma           -2 -> [1.138, 1.138, 1.138]
  cdl.gamma           -4 -> [1.114, 1.114, 1.114]
  cdl.gamma           -4 -> [1.09, 1.09, 1.09]
  cdl.gamma           -2 -> [1.078, 1.078, 1.078]
  cdl.gamma           -2 -> [1.066, 1.066, 1.066]
  cdl.gamma           -2 -> [1.054, 1.054, 1.054]
  cdl.gamma           -2 -> [1.042, 1.042, 1.042]
  cdl.gamma           -2 -> [1.03, 1.03, 1.03]
  cdl.gamma           -4 -> [1.006, 1.006, 1.006]
  cdl.gain            +4 -> [1.024, 1.024, 1.024]
  cdl.gain            +4 -> [1.048, 1.048, 1.048]
  cdl.gain            +2 -> [1.06, 1.06, 1.06]
  cdl.gain            +1 -> [1.066, 1.066, 1.066]
  cdl.gain            +2 -> [1.078, 1.078, 1.078]
  cdl.gain            +2 -> [1.09, 1.09, 1.09]
  cdl.gain            +2 -> [1.102, 1.102, 1.102]
  cdl.gain            +2 -> [1.114, 1.114, 1.114]
  cdl.gain            +2 -> [1.126, 1.126, 1.126]
  cdl.gain            +2 -> [1.138, 1.138, 1.138]
  cdl.gain            +2 -> [1.15, 1.15, 1.15]
  cdl.gain            +2 -> [1.162, 1.162, 1.162]
  cdl.gain            +2 -> [1.174, 1.174, 1.174]
  cdl.gain            +2 -> [1.186, 1.186, 1.186]
  cdl.gain            +2 -> [1.198, 1.198, 1.198]
  cdl.gain            +2 -> [1.21, 1.21, 1.21]
  cdl.gain            +2 -> [1.222, 1.222, 1.222]
  cdl.gain            +1 -> [1.228, 1.228, 1.228]
  cdl.gain            +2 -> [1.24, 1.24, 1.24]
  cdl.gain            -1 -> [1.234, 1.234, 1.234]
  cdl.gain            -1 -> [1.228, 1.228, 1.228]
  cdl.gain            -1 -> [1.222, 1.222, 1.222]
  cdl.gain            -1 -> [1.216, 1.216, 1.216]
  cdl.gain            -2 -> [1.204, 1.204, 1.204]
  cdl.gain            -2 -> [1.192, 1.192, 1.192]
  cdl.gain            -2 -> [1.18, 1.18, 1.18]
  cdl.gain            -2 -> [1.168, 1.168, 1.168]
  cdl.gain            -2 -> [1.156, 1.156, 1.156]
  cdl.gain            -2 -> [1.144, 1.144, 1.144]
  cdl.lift            +1 -> [0.0, 0.0, 0.0]
  cdl.lift            +1 -> [0.0025, 0.0025, 0.0025]
  cdl.lift            +1 -> [0.005, 0.005, 0.005]
  cdl.lift            +1 -> [0.0075, 0.0075, 0.0075]
  cdl.lift            +2 -> [0.0125, 0.0125, 0.0125]
  cdl.lift            +2 -> [0.0175, 0.0175, 0.0175]
  cdl.lift            +2 -> [0.0225, 0.0225, 0.0225]
  cdl.lift            +2 -> [0.0275, 0.0275, 0.0275]
  cdl.lift            +2 -> [0.0325, 0.0325, 0.0325]
  cdl.lift            +2 -> [0.0375, 0.0375, 0.0375]
  cdl.lift            +2 -> [0.0425, 0.0425, 0.0425]
  cdl.lift            +2 -> [0.0475, 0.0475, 0.0475]
  cdl.lift            +2 -> [0.0525, 0.0525, 0.0525]
  cdl.lift            +2 -> [0.0575, 0.0575, 0.0575]
  cdl.lift            +4 -> [0.0675, 0.0675, 0.0675]
  cdl.lift            +4 -> [0.0775, 0.0775, 0.0775]
  cdl.lift            +4 -> [0.0875, 0.0875, 0.0875]
  cdl.lift            +4 -> [0.0975, 0.0975, 0.0975]
  cdl.lift            +4 -> [0.1075, 0.1075, 0.1075]
  cdl.lift            +4 -> [0.1175, 0.1175, 0.1175]
  cdl.lift            +4 -> [0.1275, 0.1275, 0.1275]
  cdl.lift            +2 -> [0.1325, 0.1325, 0.1325]
  cdl.lift            +2 -> [0.1375, 0.1375, 0.1375]
  cdl.lift            +2 -> [0.1425, 0.1425, 0.1425]
  cdl.lift            +2 -> [0.1475, 0.1475, 0.1475]
  cdl.lift            +2 -> [0.1525, 0.1525, 0.1525]
  cdl.lift            +2 -> [0.1575, 0.1575, 0.1575]
  cdl.lift            +2 -> [0.1625, 0.1625, 0.1625]
  cdl.lift            -1 -> [0.16, 0.16, 0.16]
  cdl.lift            -1 -> [0.1575, 0.1575, 0.1575]
  cdl.lift            +1 -> [0.16, 0.16, 0.16]
  cdl.lift            +1 -> [0.1625, 0.1625, 0.1625]
  cdl.lift            +1 -> [0.165, 0.165, 0.165]
  cdl.lift            +1 -> [0.1675, 0.1675, 0.1675]
  cdl.lift            +2 -> [0.1725, 0.1725, 0.1725]
  cdl.lift            +2 -> [0.1775, 0.1775, 0.1775]
  cdl.lift            +2 -> [0.1825, 0.1825, 0.1825]
  cdl.lift            +2 -> [0.1875, 0.1875, 0.1875]
  cdl.lift            +4 -> [0.1975, 0.1975, 0.1975]
  cdl.lift            +4 -> [0.2075, 0.2075, 0.2075]
  cdl.lift            +4 -> [0.2175, 0.2175, 0.2175]
  cdl.lift            +4 -> [0.2275, 0.2275, 0.2275]
  cdl.lift            +4 -> [0.2375, 0.2375, 0.2375]
  cdl.lift            +4 -> [0.2475, 0.2475, 0.2475]
  cdl.lift            +4 -> [0.2575, 0.2575, 0.2575]
  cdl.lift            +2 -> [0.2625, 0.2625, 0.2625]
  cdl.lift            +2 -> [0.2675, 0.2675, 0.2675]
  cdl.lift            +2 -> [0.2725, 0.2725, 0.2725]
  cdl.lift            +2 -> [0.2775, 0.2775, 0.2775]
  cdl.lift            +2 -> [0.2825, 0.2825, 0.2825]
  cdl.lift            +2 -> [0.2875, 0.2875, 0.2875]
  cdl.lift            +2 -> [0.2925, 0.2925, 0.2925]
  cdl.lift            +2 -> [0.2975, 0.2975, 0.2975]
  cdl.lift            +2 -> [0.3025, 0.3025, 0.3025]
  cdl.lift            +2 -> [0.3075, 0.3075, 0.3075]
  cdl.lift            +2 -> [0.3125, 0.3125, 0.3125]
  [endstop] 21 at 127 - hold CLUTCH and re-centre the knob
  cdl.lift            +1 -> [0.315, 0.315, 0.315]
  cdl.lift            -1 -> [0.3125, 0.3125, 0.3125]
  cdl.lift            -1 -> [0.31, 0.31, 0.31]
  cdl.lift            -1 -> [0.3075, 0.3075, 0.3075]
  cdl.lift            -1 -> [0.305, 0.305, 0.305]
  cdl.lift            -2 -> [0.3, 0.3, 0.3]
  cdl.lift            -2 -> [0.295, 0.295, 0.295]
  cdl.lift            -2 -> [0.29, 0.29, 0.29]
  cdl.lift            -2 -> [0.285, 0.285, 0.285]
  cdl.lift            -2 -> [0.28, 0.28, 0.28]
  cdl.lift            -2 -> [0.275, 0.275, 0.275]
  cdl.lift            -2 -> [0.27, 0.27, 0.27]
  cdl.lift            -2 -> [0.265, 0.265, 0.265]
  cdl.lift            -4 -> [0.255, 0.255, 0.255]
  cdl.lift            -2 -> [0.25, 0.25, 0.25]
  cdl.lift            -2 -> [0.245, 0.245, 0.245]
  cdl.lift            -2 -> [0.24, 0.24, 0.24]
  cdl.lift            -2 -> [0.235, 0.235, 0.235]
  cdl.lift            -2 -> [0.23, 0.23, 0.23]
  cdl.lift            -4 -> [0.22, 0.22, 0.22]
  cdl.lift            -2 -> [0.215, 0.215, 0.215]
  cdl.lift            -2 -> [0.21, 0.21, 0.21]
  cdl.lift            -2 -> [0.205, 0.205, 0.205]
  cdl.lift            -2 -> [0.2, 0.2, 0.2]
  cdl.lift            -2 -> [0.195, 0.195, 0.195]
  cdl.lift            -2 -> [0.19, 0.19, 0.19]
  cdl.lift            -2 -> [0.185, 0.185, 0.185]
  cdl.lift            -2 -> [0.18, 0.18, 0.18]
  cdl.lift            -2 -> [0.175, 0.175, 0.175]
  cdl.lift            -1 -> [0.1725, 0.1725, 0.1725]
  cdl.lift            +1 -> [0.175, 0.175, 0.175]
  cdl.lift            +1 -> [0.1775, 0.1775, 0.1775]
  cdl.lift            +1 -> [0.18, 0.18, 0.18]
  cdl.lift            +1 -> [0.1825, 0.1825, 0.1825]
  cdl.lift            +2 -> [0.1875, 0.1875, 0.1875]
  cdl.lift            +2 -> [0.1925, 0.1925, 0.1925]
  cdl.lift            +2 -> [0.1975, 0.1975, 0.1975]
  cdl.lift            +4 -> [0.2075, 0.2075, 0.2075]
  cdl.lift            +4 -> [0.2175, 0.2175, 0.2175]
  cdl.lift            +4 -> [0.2275, 0.2275, 0.2275]
  cdl.lift            +4 -> [0.2375, 0.2375, 0.2375]
  cdl.lift            +4 -> [0.2475, 0.2475, 0.2475]
  cdl.lift            +2 -> [0.2525, 0.2525, 0.2525]
  cdl.lift            +2 -> [0.2575, 0.2575, 0.2575]
  cdl.lift            +2 -> [0.2625, 0.2625, 0.2625]
  cdl.lift            +2 -> [0.2675, 0.2675, 0.2675]
  cdl.lift            +2 -> [0.2725, 0.2725, 0.2725]
  cdl.lift            +2 -> [0.2775, 0.2775, 0.2775]
  cdl.lift            +2 -> [0.2825, 0.2825, 0.2825]
  cdl.lift            +2 -> [0.2875, 0.2875, 0.2875]
  cdl.gamma           +1 -> [1.012, 1.012, 1.012]
  cdl.gamma           +1 -> [1.018, 1.018, 1.018]
  cdl.gamma           +1 -> [1.024, 1.024, 1.024]
  cdl.gamma           +1 -> [1.03, 1.03, 1.03]
  cdl.gamma           +2 -> [1.042, 1.042, 1.042]
  cdl.gamma           +2 -> [1.054, 1.054, 1.054]
  cdl.gamma           +2 -> [1.066, 1.066, 1.066]
  cdl.gamma           +2 -> [1.078, 1.078, 1.078]
  cdl.gamma           +2 -> [1.09, 1.09, 1.09]
  cdl.gamma           +2 -> [1.102, 1.102, 1.102]
  cdl.gamma           +2 -> [1.114, 1.114, 1.114]
  cdl.gamma           +2 -> [1.126, 1.126, 1.126]
  cdl.gamma           +2 -> [1.138, 1.138, 1.138]
  cdl.gamma           +4 -> [1.162, 1.162, 1.162]
  cdl.gamma           +4 -> [1.186, 1.186, 1.186]
  cdl.gamma           +4 -> [1.21, 1.21, 1.21]
  cdl.gamma           +4 -> [1.234, 1.234, 1.234]
  cdl.gamma           +4 -> [1.258, 1.258, 1.258]
  cdl.gamma           +4 -> [1.282, 1.282, 1.282]
  cdl.gamma           +2 -> [1.294, 1.294, 1.294]
  cdl.gamma           +2 -> [1.306, 1.306, 1.306]
  cdl.gamma           +2 -> [1.318, 1.318, 1.318]
  cdl.gamma           -1 -> [1.312, 1.312, 1.312]
  cdl.gamma           -1 -> [1.306, 1.306, 1.306]
  cdl.gamma           -1 -> [1.3, 1.3, 1.3]
  cdl.gamma           -1 -> [1.294, 1.294, 1.294]
  cdl.gamma           -2 -> [1.282, 1.282, 1.282]
  cdl.gamma           -2 -> [1.27, 1.27, 1.27]
  cdl.gamma           -2 -> [1.258, 1.258, 1.258]
  cdl.gamma           -2 -> [1.246, 1.246, 1.246]
  cdl.gamma           -2 -> [1.234, 1.234, 1.234]
  cdl.gamma           -2 -> [1.222, 1.222, 1.222]
  cdl.gamma           -2 -> [1.21, 1.21, 1.21]
  cdl.gamma           -2 -> [1.198, 1.198, 1.198]
  cdl.lift            -1 -> [0.285, 0.285, 0.285]
  cdl.lift            -1 -> [0.2825, 0.2825, 0.2825]
  cdl.lift            -1 -> [0.28, 0.28, 0.28]
  cdl.lift            -1 -> [0.2775, 0.2775, 0.2775]
  cdl.lift            -4 -> [0.2675, 0.2675, 0.2675]
  cdl.lift            -4 -> [0.2575, 0.2575, 0.2575]
  cdl.lift            -4 -> [0.2475, 0.2475, 0.2475]
  cdl.lift            -4 -> [0.2375, 0.2375, 0.2375]
  cdl.lift            -4 -> [0.2275, 0.2275, 0.2275]
  cdl.lift            -4 -> [0.2175, 0.2175, 0.2175]
  cdl.lift            -4 -> [0.2075, 0.2075, 0.2075]
  cdl.lift            -4 -> [0.1975, 0.1975, 0.1975]
  cdl.lift            -4 -> [0.1875, 0.1875, 0.1875]
  cdl.lift            -4 -> [0.1775, 0.1775, 0.1775]
  cdl.lift            -4 -> [0.1675, 0.1675, 0.1675]
  cdl.lift            -4 -> [0.1575, 0.1575, 0.1575]
  cdl.lift            -2 -> [0.1525, 0.1525, 0.1525]
  cdl.lift            -2 -> [0.1475, 0.1475, 0.1475]
  cdl.lift            -2 -> [0.1425, 0.1425, 0.1425]
  cdl.lift            -2 -> [0.1375, 0.1375, 0.1375]
  cdl.lift            -2 -> [0.1325, 0.1325, 0.1325]
  cdl.lift            -2 -> [0.1275, 0.1275, 0.1275]
  cdl.lift            -1 -> [0.125, 0.125, 0.125]
  cdl.lift            -1 -> [0.1225, 0.1225, 0.1225]
  cdl.lift            +1 -> [0.125, 0.125, 0.125]
  cdl.lift            +1 -> [0.1275, 0.1275, 0.1275]
  cdl.lift            +1 -> [0.13, 0.13, 0.13]
  cdl.lift            +1 -> [0.1325, 0.1325, 0.1325]
  cdl.lift            +2 -> [0.1375, 0.1375, 0.1375]
  cdl.lift            +2 -> [0.1425, 0.1425, 0.1425]
  cdl.lift            +2 -> [0.1475, 0.1475, 0.1475]
  cdl.lift            +2 -> [0.1525, 0.1525, 0.1525]
  cdl.lift            +2 -> [0.1575, 0.1575, 0.1575]
  cdl.lift            +4 -> [0.1675, 0.1675, 0.1675]
  cdl.lift            +4 -> [0.1775, 0.1775, 0.1775]
  cdl.lift            +4 -> [0.1875, 0.1875, 0.1875]
  cdl.lift            +4 -> [0.1975, 0.1975, 0.1975]
  cdl.lift            +2 -> [0.2025, 0.2025, 0.2025]
  cdl.lift            +4 -> [0.2125, 0.2125, 0.2125]
  cdl.lift            +2 -> [0.2175, 0.2175, 0.2175]
  cdl.lift            +2 -> [0.2225, 0.2225, 0.2225]
  cdl.gain            +1 -> [1.15, 1.15, 1.15]
  cdl.gain            +1 -> [1.156, 1.156, 1.156]
  cdl.gain            +1 -> [1.162, 1.162, 1.162]
  cdl.gain            +1 -> [1.168, 1.168, 1.168]
  cdl.gain            +2 -> [1.18, 1.18, 1.18]
  cdl.gain            +2 -> [1.192, 1.192, 1.192]
  cdl.gain            +2 -> [1.204, 1.204, 1.204]
  cdl.gain            +2 -> [1.216, 1.216, 1.216]
  cdl.gain            +2 -> [1.228, 1.228, 1.228]
  cdl.gain            +2 -> [1.24, 1.24, 1.24]
  cdl.gain            +2 -> [1.252, 1.252, 1.252]
  cdl.gain            -1 -> [1.246, 1.246, 1.246]
  cdl.gain            -1 -> [1.24, 1.24, 1.24]
  cdl.gain            -1 -> [1.234, 1.234, 1.234]
  cdl.gain            -2 -> [1.222, 1.222, 1.222]
  cdl.gain            -2 -> [1.21, 1.21, 1.21]
  cdl.gain            -2 -> [1.198, 1.198, 1.198]
  cdl.gain            -2 -> [1.186, 1.186, 1.186]
  cdl.gain            -2 -> [1.174, 1.174, 1.174]
  cdl.gain            -2 -> [1.162, 1.162, 1.162]
  cdl.gain            -2 -> [1.15, 1.15, 1.15]
  cdl.gain            -2 -> [1.138, 1.138, 1.138]
  cdl.gain            -2 -> [1.126, 1.126, 1.126]
  cdl.gain            -2 -> [1.114, 1.114, 1.114]
  cdl.gain            -2 -> [1.102, 1.102, 1.102]
  cdl.gain            -2 -> [1.09, 1.09, 1.09]
  cdl.gain            -2 -> [1.078, 1.078, 1.078]
  cdl.gain            -2 -> [1.066, 1.066, 1.066]
  cdl.gain            -2 -> [1.054, 1.054, 1.054]
  cdl.gain            -2 -> [1.042, 1.042, 1.042]
  cdl.gain            -2 -> [1.03, 1.03, 1.03]
  cdl.gain            -2 -> [1.018, 1.018, 1.018]
  cdl.gain            -2 -> [1.006, 1.006, 1.006]
  [endstop] 23 at 0 - hold CLUTCH and re-centre the knob
  cdl.gain            -2 -> [0.994, 0.994, 0.994]
  cdl.sat             +1 -> [1.008]
  cdl.sat             +1 -> [1.016]
  cdl.sat             +2 -> [1.032]
  cdl.sat             +2 -> [1.048]
  cdl.sat             +2 -> [1.064]
  cdl.sat             +2 -> [1.08]
  cdl.sat             +2 -> [1.096]
  cdl.sat             +2 -> [1.112]
  cdl.sat             +2 -> [1.128]
  cdl.sat             +2 -> [1.144]
  cdl.sat             +2 -> [1.16]
listening: Launchkey Mini MK4 25 MIDI Out
resolve:   A001C057_260814DU.MP4 | node 1/1
  node 1: empty  <-- target
listening: Launchkey Mini MK4 25 MIDI Out
resolve:   A001C057_260814DU.MP4 | node 1/1
  node 1: empty  <-- target
  cdl.lift            +1 -> [0.0025, 0.0025, 0.0025]
  cdl.lift            +1 -> [0.005, 0.005, 0.005]
  [backup] gallery still grabbed - right-click it -> Apply Grade to restore
  cdl.lift            +2 -> [0.01, 0.01, 0.01]
  cdl.lift            +1 -> [0.0125, 0.0125, 0.0125]
  cdl.lift            +2 -> [0.0175, 0.0175, 0.0175]
  cdl.lift            +2 -> [0.0225, 0.0225, 0.0225]
  cdl.lift            +2 -> [0.0275, 0.0275, 0.0275]
  cdl.lift            +2 -> [0.0325, 0.0325, 0.0325]
  cdl.lift            +2 -> [0.0375, 0.0375, 0.0375]
  cdl.lift            +2 -> [0.0425, 0.0425, 0.0425]
  cdl.lift            +2 -> [0.0475, 0.0475, 0.0475]
  cdl.lift            +2 -> [0.0525, 0.0525, 0.0525]
  cdl.lift            +2 -> [0.0575, 0.0575, 0.0575]
  cdl.lift            +2 -> [0.0625, 0.0625, 0.0625]
  cdl.lift            +2 -> [0.0675, 0.0675, 0.0675]
  cdl.lift            +2 -> [0.0725, 0.0725, 0.0725]
  cdl.lift            +2 -> [0.0775, 0.0775, 0.0775]
  cdl.lift            +2 -> [0.0825, 0.0825, 0.0825]
  cdl.lift            +2 -> [0.0875, 0.0875, 0.0875]
  [endstop] 21 at 127 - hold CLUTCH and re-centre the knob
  cdl.lift            +1 -> [0.09, 0.09, 0.09]
  cdl.lift            -1 -> [0.0875, 0.0875, 0.0875]
  cdl.lift            -1 -> [0.085, 0.085, 0.085]
  cdl.lift            -1 -> [0.0825, 0.0825, 0.0825]
  cdl.lift            -4 -> [0.0725, 0.0725, 0.0725]
  cdl.lift            -2 -> [0.0675, 0.0675, 0.0675]
  cdl.lift            -2 -> [0.0625, 0.0625, 0.0625]
  cdl.lift            -4 -> [0.0525, 0.0525, 0.0525]
  cdl.lift            -4 -> [0.0425, 0.0425, 0.0425]
  cdl.lift            -4 -> [0.0325, 0.0325, 0.0325]
  cdl.lift            -4 -> [0.0225, 0.0225, 0.0225]
  cdl.lift            -4 -> [0.0125, 0.0125, 0.0125]
  cdl.lift            -4 -> [0.0025, 0.0025, 0.0025]
  cdl.lift            -4 -> [-0.0075, -0.0075, -0.0075]
  cdl.lift            -4 -> [-0.0175, -0.0175, -0.0175]
  cdl.lift            -4 -> [-0.0275, -0.0275, -0.0275]
  cdl.lift            -4 -> [-0.0375, -0.0375, -0.0375]
  cdl.lift            -4 -> [-0.0475, -0.0475, -0.0475]
  cdl.lift            -4 -> [-0.0575, -0.0575, -0.0575]
  cdl.lift            -4 -> [-0.0675, -0.0675, -0.0675]
  cdl.lift            -4 -> [-0.0775, -0.0775, -0.0775]
  cdl.lift            -4 -> [-0.0875, -0.0875, -0.0875]
  cdl.lift            -4 -> [-0.0975, -0.0975, -0.0975]
  cdl.lift            -4 -> [-0.1075, -0.1075, -0.1075]
  cdl.lift            -4 -> [-0.1175, -0.1175, -0.1175]
  cdl.lift            -4 -> [-0.1275, -0.1275, -0.1275]
  cdl.lift            -4 -> [-0.1375, -0.1375, -0.1375]
  cdl.lift            -2 -> [-0.1425, -0.1425, -0.1425]
  cdl.lift            -2 -> [-0.1475, -0.1475, -0.1475]
  cdl.lift            -2 -> [-0.1525, -0.1525, -0.1525]
  cdl.lift            -2 -> [-0.1575, -0.1575, -0.1575]
  cdl.lift            -2 -> [-0.1625, -0.1625, -0.1625]
  cdl.lift            -2 -> [-0.1675, -0.1675, -0.1675]
  cdl.lift            +1 -> [-0.165, -0.165, -0.165]
  cdl.lift            +1 -> [-0.1625, -0.1625, -0.1625]
  cdl.lift            +1 -> [-0.16, -0.16, -0.16]
  cdl.lift            +1 -> [-0.1575, -0.1575, -0.1575]
  cdl.lift            +2 -> [-0.1525, -0.1525, -0.1525]
  cdl.lift            +2 -> [-0.1475, -0.1475, -0.1475]
  cdl.lift            +2 -> [-0.1425, -0.1425, -0.1425]
  cdl.lift            +2 -> [-0.1375, -0.1375, -0.1375]
  cdl.lift            +2 -> [-0.1325, -0.1325, -0.1325]
  cdl.lift            +4 -> [-0.1225, -0.1225, -0.1225]
  cdl.lift            +4 -> [-0.1125, -0.1125, -0.1125]
  cdl.lift            +4 -> [-0.1025, -0.1025, -0.1025]
  cdl.lift            +4 -> [-0.0925, -0.0925, -0.0925]
  cdl.lift            +4 -> [-0.0825, -0.0825, -0.0825]
  cdl.lift            +4 -> [-0.0725, -0.0725, -0.0725]
  cdl.lift            +4 -> [-0.0625, -0.0625, -0.0625]
  cdl.lift            +4 -> [-0.0525, -0.0525, -0.0525]
  cdl.lift            +4 -> [-0.0425, -0.0425, -0.0425]
  cdl.lift            +2 -> [-0.0375, -0.0375, -0.0375]
  cdl.lift            +2 -> [-0.0325, -0.0325, -0.0325]
  cdl.lift            +2 -> [-0.0275, -0.0275, -0.0275]
  cdl.lift            +2 -> [-0.0225, -0.0225, -0.0225]
  cdl.gamma           +1 -> [1.006, 1.006, 1.006]
  cdl.gamma           +1 -> [1.012, 1.012, 1.012]
  cdl.gamma           +1 -> [1.018, 1.018, 1.018]
  cdl.gamma           +2 -> [1.03, 1.03, 1.03]
  cdl.gamma           +2 -> [1.042, 1.042, 1.042]
  cdl.gamma           +2 -> [1.054, 1.054, 1.054]
  cdl.gamma           +2 -> [1.066, 1.066, 1.066]
  cdl.gamma           +2 -> [1.078, 1.078, 1.078]
  cdl.gamma           +4 -> [1.102, 1.102, 1.102]
  cdl.gamma           +4 -> [1.126, 1.126, 1.126]
  cdl.gamma           +4 -> [1.15, 1.15, 1.15]
  cdl.gamma           +4 -> [1.174, 1.174, 1.174]
  cdl.gamma           +4 -> [1.198, 1.198, 1.198]
  cdl.gamma           +4 -> [1.222, 1.222, 1.222]
  cdl.gamma           +4 -> [1.246, 1.246, 1.246]
  cdl.gamma           +4 -> [1.27, 1.27, 1.27]
  cdl.gamma           +4 -> [1.294, 1.294, 1.294]
  cdl.gamma           +2 -> [1.306, 1.306, 1.306]
  cdl.gamma           +2 -> [1.318, 1.318, 1.318]
  cdl.gamma           -1 -> [1.312, 1.312, 1.312]
  cdl.gamma           -1 -> [1.306, 1.306, 1.306]
  cdl.gamma           -1 -> [1.3, 1.3, 1.3]
  cdl.gamma           -2 -> [1.288, 1.288, 1.288]
  cdl.gamma           -2 -> [1.276, 1.276, 1.276]
  cdl.gamma           -2 -> [1.264, 1.264, 1.264]
  cdl.gamma           -2 -> [1.252, 1.252, 1.252]
  cdl.gamma           -2 -> [1.24, 1.24, 1.24]
  cdl.gamma           -2 -> [1.228, 1.228, 1.228]
  cdl.gamma           -2 -> [1.216, 1.216, 1.216]
  cdl.gamma           -2 -> [1.204, 1.204, 1.204]
  cdl.gamma           -2 -> [1.192, 1.192, 1.192]
  cdl.gamma           -2 -> [1.18, 1.18, 1.18]
  cdl.gamma           -2 -> [1.168, 1.168, 1.168]
  cdl.gamma           -2 -> [1.156, 1.156, 1.156]
  cdl.gamma           +1 -> [1.162, 1.162, 1.162]
  cdl.gamma           +1 -> [1.168, 1.168, 1.168]
  cdl.gamma           +1 -> [1.174, 1.174, 1.174]
  cdl.gamma           +1 -> [1.18, 1.18, 1.18]
  cdl.gamma           +2 -> [1.192, 1.192, 1.192]
  cdl.gamma           +2 -> [1.204, 1.204, 1.204]
  cdl.gamma           +2 -> [1.216, 1.216, 1.216]
  cdl.gamma           +2 -> [1.228, 1.228, 1.228]
  cdl.gamma           +2 -> [1.24, 1.24, 1.24]
  cdl.gamma           +2 -> [1.252, 1.252, 1.252]
  cdl.gamma           +2 -> [1.264, 1.264, 1.264]
  cdl.gamma           +2 -> [1.276, 1.276, 1.276]
  cdl.gain            +1 -> [1.006, 1.006, 1.006]
  cdl.gain            +1 -> [1.012, 1.012, 1.012]
  cdl.gain            +1 -> [1.018, 1.018, 1.018]
  cdl.gain            +2 -> [1.03, 1.03, 1.03]
  cdl.gain            +4 -> [1.054, 1.054, 1.054]
  cdl.gain            +4 -> [1.078, 1.078, 1.078]
  cdl.gain            +4 -> [1.102, 1.102, 1.102]
  cdl.gain            +4 -> [1.126, 1.126, 1.126]
  cdl.gain            +4 -> [1.15, 1.15, 1.15]
  cdl.gain            +4 -> [1.174, 1.174, 1.174]
  cdl.gain            +4 -> [1.198, 1.198, 1.198]
  cdl.gain            +4 -> [1.222, 1.222, 1.222]
  cdl.gain            +2 -> [1.234, 1.234, 1.234]
  cdl.gain            -1 -> [1.228, 1.228, 1.228]
  cdl.gain            -1 -> [1.222, 1.222, 1.222]
  cdl.gain            -1 -> [1.216, 1.216, 1.216]
  cdl.gain            -1 -> [1.21, 1.21, 1.21]
  cdl.gain            -2 -> [1.198, 1.198, 1.198]
  cdl.gain            -2 -> [1.186, 1.186, 1.186]
  cdl.gain            -2 -> [1.174, 1.174, 1.174]
  cdl.gain            -2 -> [1.162, 1.162, 1.162]
  cdl.gain            -2 -> [1.15, 1.15, 1.15]
  cdl.gain            -2 -> [1.138, 1.138, 1.138]
  cdl.gain            -2 -> [1.126, 1.126, 1.126]
  cdl.gain            -1 -> [1.12, 1.12, 1.12]
  cdl.gain            -1 -> [1.114, 1.114, 1.114]
  cdl.gain            +1 -> [1.12, 1.12, 1.12]
  cdl.gain            +1 -> [1.126, 1.126, 1.126]
  cdl.gain            +1 -> [1.132, 1.132, 1.132]
  cdl.gain            +1 -> [1.138, 1.138, 1.138]
  cdl.gain            +2 -> [1.15, 1.15, 1.15]
  cdl.gain            +2 -> [1.162, 1.162, 1.162]
  cdl.gain            +2 -> [1.174, 1.174, 1.174]
  cdl.gain            +2 -> [1.186, 1.186, 1.186]
  cdl.gain            +2 -> [1.198, 1.198, 1.198]
  cdl.gain            +2 -> [1.21, 1.21, 1.21]
  cdl.gain            +2 -> [1.222, 1.222, 1.222]
  cdl.gain            +1 -> [1.228, 1.228, 1.228]
  cdl.sat             +1 -> [1.008]
  cdl.sat             +1 -> [1.016]
  cdl.sat             +2 -> [1.032]
  cdl.sat             +2 -> [1.048]
  cdl.sat             +2 -> [1.064]
  cdl.sat             +2 -> [1.08]
  cdl.sat             +2 -> [1.096]
  cdl.sat             +2 -> [1.112]
  cdl.sat             +2 -> [1.128]
  cdl.sat             +2 -> [1.144]
  cdl.sat             +2 -> [1.16]
  cdl.sat             +2 -> [1.176]
  cdl.sat             +2 -> [1.192]
  cdl.sat             +2 -> [1.208]
  cdl.sat             +2 -> [1.224]
  cdl.sat             +2 -> [1.24]
  cdl.sat             +2 -> [1.256]
  cdl.sat             +2 -> [1.272]
  cdl.sat             -1 -> [1.264]
  cdl.sat             -1 -> [1.256]
  cdl.sat             -1 -> [1.248]
  cdl.sat             -1 -> [1.24]
  cdl.sat             -1 -> [1.232]
  cdl.sat             -2 -> [1.216]
  cdl.sat             -1 -> [1.208]
  cdl.sat             +1 -> [1.216]
  cdl.sat             +1 -> [1.224]
  cdl.sat             +1 -> [1.232]
  cdl.sat             +1 -> [1.24]
  cdl.sat             +4 -> [1.272]
  cdl.sat             +4 -> [1.304]
  cdl.sat             +4 -> [1.336]
  cdl.sat             +4 -> [1.368]
  cdl.sat             +4 -> [1.4]
  cdl.sat             +4 -> [1.432]
  cdl.sat             +4 -> [1.464]
  cdl.sat             +4 -> [1.496]
  cdl.sat             +4 -> [1.528]
  cdl.sat             +4 -> [1.56]
  cdl.sat             +2 -> [1.576]
  cdl.sat             +4 -> [1.608]
  cdl.sat             +4 -> [1.64]
  cdl.sat             +4 -> [1.672]
  cdl.sat             +4 -> [1.704]
  cdl.sat             +2 -> [1.72]
  cdl.sat             +2 -> [1.736]
  cdl.sat             +2 -> [1.752]
  cdl.sat             +2 -> [1.768]
  cdl.sat             +1 -> [1.776]
  cdl.sat             +1 -> [1.784]
  cdl.sat             +1 -> [1.792]
  cdl.sat             +1 -> [1.8]
  cdl.sat             +4 -> [1.832]
  [endstop] 24 at 127 - hold CLUTCH and re-centre the knob
  cdl.sat             +1 -> [1.84]
  cdl.gain.r          +1 -> [1.232, 1.228, 1.228]
  cdl.gain.r          +1 -> [1.236, 1.228, 1.228]
  cdl.gain.r          +1 -> [1.24, 1.228, 1.228]
  cdl.gain.r          +2 -> [1.248, 1.228, 1.228]
  cdl.gain.r          +2 -> [1.256, 1.228, 1.228]
  cdl.gain.r          +4 -> [1.272, 1.228, 1.228]
  cdl.gain.r          +4 -> [1.288, 1.228, 1.228]
  cdl.gain.r          +4 -> [1.304, 1.228, 1.228]
  cdl.gain.r          +4 -> [1.32, 1.228, 1.228]
  cdl.gain.r          +4 -> [1.336, 1.228, 1.228]
  cdl.gain.r          +4 -> [1.352, 1.228, 1.228]
  cdl.gain.r          +4 -> [1.368, 1.228, 1.228]
  cdl.gain.r          +4 -> [1.384, 1.228, 1.228]
  cdl.gain.r          +2 -> [1.392, 1.228, 1.228]
  cdl.gain.r          +2 -> [1.4, 1.228, 1.228]
  cdl.gain.r          +2 -> [1.408, 1.228, 1.228]
  cdl.gain.r          +2 -> [1.416, 1.228, 1.228]
  cdl.gain.r          +2 -> [1.424, 1.228, 1.228]
  cdl.gain.r          +2 -> [1.432, 1.228, 1.228]
  cdl.gain.r          +2 -> [1.44, 1.228, 1.228]
  cdl.gain.r          +2 -> [1.448, 1.228, 1.228]
  cdl.gain.r          +2 -> [1.456, 1.228, 1.228]
  cdl.gain.r          -1 -> [1.452, 1.228, 1.228]
  cdl.gain.r          -1 -> [1.448, 1.228, 1.228]
  cdl.gain.r          -1 -> [1.444, 1.228, 1.228]
  cdl.gain.r          -1 -> [1.44, 1.228, 1.228]
  cdl.gain.r          -2 -> [1.432, 1.228, 1.228]
  cdl.gain.r          -2 -> [1.424, 1.228, 1.228]
  cdl.gain.r          -2 -> [1.416, 1.228, 1.228]
  cdl.gain.r          -2 -> [1.408, 1.228, 1.228]
  cdl.gain.r          -2 -> [1.4, 1.228, 1.228]
  cdl.gain.r          -2 -> [1.392, 1.228, 1.228]
  cdl.gain.r          -2 -> [1.384, 1.228, 1.228]
  cdl.gain.r          -2 -> [1.376, 1.228, 1.228]
  cdl.gain.r          -2 -> [1.368, 1.228, 1.228]
  cdl.gain.r          -2 -> [1.36, 1.228, 1.228]
  cdl.gain.r          -2 -> [1.352, 1.228, 1.228]
  cdl.gain.r          +1 -> [1.356, 1.228, 1.228]
  cdl.gain.r          +1 -> [1.36, 1.228, 1.228]
  cdl.gain.r          +1 -> [1.364, 1.228, 1.228]
  cdl.gain.r          +1 -> [1.368, 1.228, 1.228]
  cdl.gain.r          +2 -> [1.376, 1.228, 1.228]
  cdl.gain.r          +4 -> [1.392, 1.228, 1.228]
  cdl.gain.r          +4 -> [1.408, 1.228, 1.228]
  cdl.gain.r          +4 -> [1.424, 1.228, 1.228]
  cdl.gain.r          +4 -> [1.44, 1.228, 1.228]
  cdl.gain.r          +4 -> [1.456, 1.228, 1.228]
  cdl.gain.r          +4 -> [1.472, 1.228, 1.228]
  cdl.gain.r          +4 -> [1.488, 1.228, 1.228]
  cdl.gain.r          +2 -> [1.496, 1.228, 1.228]
  cdl.gain.r          +2 -> [1.504, 1.228, 1.228]
  cdl.gain.r          +2 -> [1.512, 1.228, 1.228]
  cdl.gain.r          +2 -> [1.52, 1.228, 1.228]
  cdl.gain.g          +1 -> [1.52, 1.232, 1.228]
  cdl.gain.g          +1 -> [1.52, 1.236, 1.228]
  cdl.gain.g          +2 -> [1.52, 1.244, 1.228]
  cdl.gain.g          +2 -> [1.52, 1.252, 1.228]
  cdl.gain.g          +2 -> [1.52, 1.26, 1.228]
  cdl.gain.g          +2 -> [1.52, 1.268, 1.228]
  cdl.gain.g          +2 -> [1.52, 1.276, 1.228]
  cdl.gain.g          +2 -> [1.52, 1.284, 1.228]
  cdl.gain.g          +4 -> [1.52, 1.3, 1.228]
  cdl.gain.g          +4 -> [1.52, 1.316, 1.228]
  cdl.gain.g          +4 -> [1.52, 1.332, 1.228]
  cdl.gain.g          +4 -> [1.52, 1.348, 1.228]
  cdl.gain.g          +4 -> [1.52, 1.364, 1.228]
  cdl.gain.g          +4 -> [1.52, 1.38, 1.228]
  cdl.gain.g          +4 -> [1.52, 1.396, 1.228]
  cdl.gain.g          +2 -> [1.52, 1.404, 1.228]
  cdl.gain.g          +2 -> [1.52, 1.412, 1.228]
  cdl.gain.g          +2 -> [1.52, 1.42, 1.228]
  cdl.gain.g          +2 -> [1.52, 1.428, 1.228]
  cdl.gain.g          +2 -> [1.52, 1.436, 1.228]
  cdl.gain.g          -1 -> [1.52, 1.432, 1.228]
  cdl.gain.g          -1 -> [1.52, 1.428, 1.228]
  cdl.gain.g          -1 -> [1.52, 1.424, 1.228]
  cdl.gain.g          -1 -> [1.52, 1.42, 1.228]
  cdl.gain.g          -2 -> [1.52, 1.412, 1.228]
  cdl.gain.g          -2 -> [1.52, 1.404, 1.228]
  cdl.gain.g          -2 -> [1.52, 1.396, 1.228]
  cdl.gain.g          -2 -> [1.52, 1.388, 1.228]
  cdl.gain.g          -2 -> [1.52, 1.38, 1.228]
  cdl.gain.g          -2 -> [1.52, 1.372, 1.228]
  cdl.gain.g          -2 -> [1.52, 1.364, 1.228]
  cdl.gain.g          -2 -> [1.52, 1.356, 1.228]
  cdl.gain.g          -2 -> [1.52, 1.348, 1.228]
  cdl.gain.g          -2 -> [1.52, 1.34, 1.228]
  cdl.gain.g          +1 -> [1.52, 1.344, 1.228]
  cdl.gain.g          +1 -> [1.52, 1.348, 1.228]
  cdl.gain.g          +1 -> [1.52, 1.352, 1.228]
  cdl.gain.g          +1 -> [1.52, 1.356, 1.228]
  cdl.gain.g          +2 -> [1.52, 1.364, 1.228]
  cdl.gain.g          +2 -> [1.52, 1.372, 1.228]
  cdl.gain.g          +2 -> [1.52, 1.38, 1.228]
  cdl.gain.g          +2 -> [1.52, 1.388, 1.228]
  cdl.gain.g          +2 -> [1.52, 1.396, 1.228]
  cdl.gain.g          +2 -> [1.52, 1.404, 1.228]
  cdl.gain.g          +2 -> [1.52, 1.412, 1.228]
  cdl.gain.g          +2 -> [1.52, 1.42, 1.228]
  cdl.gain.g          +2 -> [1.52, 1.428, 1.228]
  cdl.gain.g          +2 -> [1.52, 1.436, 1.228]
  cdl.gain.g          +2 -> [1.52, 1.444, 1.228]
  cdl.gain.b          +1 -> [1.52, 1.444, 1.232]
  cdl.gain.b          +1 -> [1.52, 1.444, 1.236]
  cdl.gain.b          +1 -> [1.52, 1.444, 1.24]
  cdl.gain.b          +2 -> [1.52, 1.444, 1.248]
  cdl.gain.b          +2 -> [1.52, 1.444, 1.256]
  cdl.gain.b          +2 -> [1.52, 1.444, 1.264]
  cdl.gain.b          +4 -> [1.52, 1.444, 1.28]
  cdl.gain.b          +4 -> [1.52, 1.444, 1.296]
  cdl.gain.b          +4 -> [1.52, 1.444, 1.312]
  cdl.gain.b          +4 -> [1.52, 1.444, 1.328]
  cdl.gain.b          +4 -> [1.52, 1.444, 1.344]
  cdl.gain.b          +4 -> [1.52, 1.444, 1.36]
  cdl.gain.b          +4 -> [1.52, 1.444, 1.376]
  cdl.gain.b          +4 -> [1.52, 1.444, 1.392]
  cdl.gain.b          +4 -> [1.52, 1.444, 1.408]
  cdl.gain.b          +4 -> [1.52, 1.444, 1.424]
  cdl.gain.b          +4 -> [1.52, 1.444, 1.44]
  cdl.gain.b          +2 -> [1.52, 1.444, 1.448]
  cdl.gain.b          -1 -> [1.52, 1.444, 1.444]
  cdl.gain.b          -1 -> [1.52, 1.444, 1.44]
  cdl.gain.b          -1 -> [1.52, 1.444, 1.436]
  cdl.gain.b          -1 -> [1.52, 1.444, 1.432]
  cdl.gain.b          -2 -> [1.52, 1.444, 1.424]
  cdl.gain.b          -2 -> [1.52, 1.444, 1.416]
  cdl.gain.b          -2 -> [1.52, 1.444, 1.408]
  cdl.gain.b          -2 -> [1.52, 1.444, 1.4]
  cdl.gain.b          -2 -> [1.52, 1.444, 1.392]
  cdl.gain.b          -2 -> [1.52, 1.444, 1.384]
  cdl.gain.b          -2 -> [1.52, 1.444, 1.376]
  cdl.gain.b          -2 -> [1.52, 1.444, 1.368]
  cdl.gain.b          -2 -> [1.52, 1.444, 1.36]
  cdl.gain.b          -2 -> [1.52, 1.444, 1.352]
  cdl.gain.b          -2 -> [1.52, 1.444, 1.344]
  cdl.gain.b          -2 -> [1.52, 1.444, 1.336]
  cdl.gain.b          -2 -> [1.52, 1.444, 1.328]
  cdl.gain.b          -2 -> [1.52, 1.444, 1.32]
  cdl.gain.b          +1 -> [1.52, 1.444, 1.324]
  cdl.gain.b          +1 -> [1.52, 1.444, 1.328]
  cdl.gain.b          +1 -> [1.52, 1.444, 1.332]
  cdl.gain.b          +1 -> [1.52, 1.444, 1.336]
  cdl.gain.b          +2 -> [1.52, 1.444, 1.344]
  cdl.gain.b          +2 -> [1.52, 1.444, 1.352]
  cdl.gain.b          +4 -> [1.52, 1.444, 1.368]
  cdl.gain.b          +4 -> [1.52, 1.444, 1.384]
  cdl.gain.b          +4 -> [1.52, 1.444, 1.4]
  cdl.gain.b          +4 -> [1.52, 1.444, 1.416]
  cdl.gain.b          +4 -> [1.52, 1.444, 1.432]
  cdl.gain.b          +4 -> [1.52, 1.444, 1.448]
  cdl.gain.b          +4 -> [1.52, 1.444, 1.464]
  cdl.gain.b          +4 -> [1.52, 1.444, 1.48]
  cdl.gain.b          +4 -> [1.52, 1.444, 1.496]
  cdl.gain.b          +2 -> [1.52, 1.444, 1.504]
  cdl.gain.b          +2 -> [1.52, 1.444, 1.512]
  cdl.lift.r          +4 -> [-0.0125, -0.0225, -0.0225]
  cdl.lift.r          +4 -> [-0.0025, -0.0225, -0.0225]
  cdl.lift.r          +2 -> [0.0025, -0.0225, -0.0225]
  cdl.lift.r          +2 -> [0.0075, -0.0225, -0.0225]
  cdl.lift.r          +2 -> [0.0125, -0.0225, -0.0225]
  cdl.lift.r          +4 -> [0.0225, -0.0225, -0.0225]
  cdl.lift.r          +4 -> [0.0325, -0.0225, -0.0225]
  cdl.lift.r          +4 -> [0.0425, -0.0225, -0.0225]
  cdl.lift.r          +4 -> [0.0525, -0.0225, -0.0225]
  cdl.lift.r          +4 -> [0.0625, -0.0225, -0.0225]
  cdl.lift.r          +4 -> [0.0725, -0.0225, -0.0225]
  cdl.lift.r          +4 -> [0.0825, -0.0225, -0.0225]
  cdl.lift.r          +4 -> [0.0925, -0.0225, -0.0225]
  cdl.lift.r          +4 -> [0.1025, -0.0225, -0.0225]
  cdl.lift.r          +4 -> [0.1125, -0.0225, -0.0225]
  cdl.lift.r          +4 -> [0.1225, -0.0225, -0.0225]
  cdl.lift.r          +4 -> [0.1325, -0.0225, -0.0225]
  cdl.lift.r          +4 -> [0.1425, -0.0225, -0.0225]
  cdl.lift.r          +4 -> [0.1525, -0.0225, -0.0225]
  cdl.lift.r          +4 -> [0.1625, -0.0225, -0.0225]
  cdl.lift.r          +4 -> [0.1725, -0.0225, -0.0225]
  cdl.lift.r          +4 -> [0.1825, -0.0225, -0.0225]
  cdl.lift.r          +4 -> [0.1925, -0.0225, -0.0225]
  cdl.lift.r          +2 -> [0.1975, -0.0225, -0.0225]
  cdl.lift.r          -1 -> [0.195, -0.0225, -0.0225]
  cdl.lift.r          -1 -> [0.1925, -0.0225, -0.0225]
  cdl.lift.r          -1 -> [0.19, -0.0225, -0.0225]
  cdl.lift.r          -1 -> [0.1875, -0.0225, -0.0225]
  cdl.lift.r          -4 -> [0.1775, -0.0225, -0.0225]
  cdl.lift.r          -4 -> [0.1675, -0.0225, -0.0225]
  cdl.lift.r          -4 -> [0.1575, -0.0225, -0.0225]
  cdl.lift.r          -4 -> [0.1475, -0.0225, -0.0225]
  cdl.lift.r          -4 -> [0.1375, -0.0225, -0.0225]
  cdl.lift.r          -4 -> [0.1275, -0.0225, -0.0225]
  cdl.lift.r          -2 -> [0.1225, -0.0225, -0.0225]
  cdl.lift.r          -2 -> [0.1175, -0.0225, -0.0225]
  cdl.lift.r          -2 -> [0.1125, -0.0225, -0.0225]
  cdl.lift.r          -2 -> [0.1075, -0.0225, -0.0225]
  cdl.lift.r          -2 -> [0.1025, -0.0225, -0.0225]
  cdl.lift.r          -2 -> [0.0975, -0.0225, -0.0225]
  cdl.lift.r          -2 -> [0.0925, -0.0225, -0.0225]
  cdl.lift.r          -1 -> [0.09, -0.0225, -0.0225]
  cdl.lift.r          +1 -> [0.0925, -0.0225, -0.0225]
  cdl.lift.r          +1 -> [0.095, -0.0225, -0.0225]
  cdl.lift.r          +1 -> [0.0975, -0.0225, -0.0225]
  cdl.lift.r          +1 -> [0.1, -0.0225, -0.0225]
  cdl.lift.r          +2 -> [0.105, -0.0225, -0.0225]
  cdl.lift.r          +2 -> [0.11, -0.0225, -0.0225]
  cdl.lift.r          +2 -> [0.115, -0.0225, -0.0225]
  cdl.lift.r          +4 -> [0.125, -0.0225, -0.0225]
  cdl.lift.r          +4 -> [0.135, -0.0225, -0.0225]
  cdl.lift.r          +4 -> [0.145, -0.0225, -0.0225]
  cdl.lift.r          +4 -> [0.155, -0.0225, -0.0225]
  cdl.lift.r          +4 -> [0.165, -0.0225, -0.0225]
  cdl.lift.r          +4 -> [0.175, -0.0225, -0.0225]
  cdl.lift.r          +4 -> [0.185, -0.0225, -0.0225]
  cdl.lift.r          +4 -> [0.195, -0.0225, -0.0225]
  cdl.lift.r          +4 -> [0.205, -0.0225, -0.0225]
  cdl.lift.r          +4 -> [0.215, -0.0225, -0.0225]
  cdl.lift.r          +4 -> [0.225, -0.0225, -0.0225]
  cdl.lift.r          +2 -> [0.23, -0.0225, -0.0225]
  cdl.lift.r          +2 -> [0.235, -0.0225, -0.0225]
  cdl.lift.r          -1 -> [0.2325, -0.0225, -0.0225]
  cdl.lift.r          -1 -> [0.23, -0.0225, -0.0225]
  cdl.lift.r          -1 -> [0.2275, -0.0225, -0.0225]
  cdl.lift.r          -1 -> [0.225, -0.0225, -0.0225]
  cdl.lift.r          -4 -> [0.215, -0.0225, -0.0225]
  cdl.lift.r          -4 -> [0.205, -0.0225, -0.0225]
  cdl.lift.r          -4 -> [0.195, -0.0225, -0.0225]
  cdl.lift.r          -4 -> [0.185, -0.0225, -0.0225]
  cdl.lift.r          -4 -> [0.175, -0.0225, -0.0225]
  cdl.lift.r          -4 -> [0.165, -0.0225, -0.0225]
  cdl.lift.r          -4 -> [0.155, -0.0225, -0.0225]
  cdl.lift.r          -4 -> [0.145, -0.0225, -0.0225]
  cdl.lift.r          -4 -> [0.135, -0.0225, -0.0225]
  cdl.lift.r          -4 -> [0.125, -0.0225, -0.0225]
  cdl.lift.r          -2 -> [0.12, -0.0225, -0.0225]
  cdl.lift.r          -2 -> [0.115, -0.0225, -0.0225]
  cdl.lift.r          -2 -> [0.11, -0.0225, -0.0225]
  cdl.lift.r          -2 -> [0.105, -0.0225, -0.0225]
  cdl.lift.r          -2 -> [0.1, -0.0225, -0.0225]
  cdl.lift.r          -2 -> [0.095, -0.0225, -0.0225]
  cdl.lift.r          -2 -> [0.09, -0.0225, -0.0225]
  cdl.lift.r          -2 -> [0.085, -0.0225, -0.0225]
  cdl.lift.r          -2 -> [0.08, -0.0225, -0.0225]
  cdl.lift.r          -2 -> [0.075, -0.0225, -0.0225]
  cdl.lift.r          -4 -> [0.065, -0.0225, -0.0225]
  cdl.lift.r          -4 -> [0.055, -0.0225, -0.0225]
  cdl.lift.r          -4 -> [0.045, -0.0225, -0.0225]
  cdl.lift.r          -4 -> [0.035, -0.0225, -0.0225]
  cdl.lift.r          -2 -> [0.03, -0.0225, -0.0225]
  cdl.lift.r          -2 -> [0.025, -0.0225, -0.0225]
  cdl.lift.r          -2 -> [0.02, -0.0225, -0.0225]
  cdl.lift.r          -1 -> [0.0175, -0.0225, -0.0225]
  cdl.lift.r          -1 -> [0.015, -0.0225, -0.0225]
  cdl.lift.r          -1 -> [0.0125, -0.0225, -0.0225]
  cdl.lift.r          -4 -> [0.0025, -0.0225, -0.0225]
  cdl.lift.r          -2 -> [-0.0025, -0.0225, -0.0225]
  cdl.lift.r          -2 -> [-0.0075, -0.0225, -0.0225]
  cdl.lift.r          -2 -> [-0.0125, -0.0225, -0.0225]
  cdl.lift.r          -2 -> [-0.0175, -0.0225, -0.0225]
  [endstop] 28 at 0 - hold CLUTCH and re-centre the knob
  cdl.lift.r          -3 -> [-0.025, -0.0225, -0.0225]
  cdl.lift.r          +1 -> [-0.0225, -0.0225, -0.0225]
  cdl.lift.r          +1 -> [-0.02, -0.0225, -0.0225]
  cdl.lift.r          +1 -> [-0.0175, -0.0225, -0.0225]
  cdl.lift.r          +1 -> [-0.015, -0.0225, -0.0225]
  cdl.lift.r          +2 -> [-0.01, -0.0225, -0.0225]
  cdl.lift.r          +2 -> [-0.005, -0.0225, -0.0225]
  cdl.lift.r          +2 -> [-0.0, -0.0225, -0.0225]
  cdl.lift.r          +2 -> [0.005, -0.0225, -0.0225]
  cdl.lift.r          +2 -> [0.01, -0.0225, -0.0225]
  cdl.lift.r          +2 -> [0.015, -0.0225, -0.0225]
  cdl.lift.r          +4 -> [0.025, -0.0225, -0.0225]
  cdl.lift.r          +4 -> [0.035, -0.0225, -0.0225]
  cdl.lift.r          +4 -> [0.045, -0.0225, -0.0225]
  cdl.lift.r          +4 -> [0.055, -0.0225, -0.0225]
  cdl.lift.r          +4 -> [0.065, -0.0225, -0.0225]
  cdl.lift.r          +4 -> [0.075, -0.0225, -0.0225]
  cdl.lift.r          +4 -> [0.085, -0.0225, -0.0225]
  cdl.lift.r          +4 -> [0.095, -0.0225, -0.0225]
  cdl.lift.r          +4 -> [0.105, -0.0225, -0.0225]
  cdl.lift.r          +4 -> [0.115, -0.0225, -0.0225]
  cdl.lift.r          +4 -> [0.125, -0.0225, -0.0225]
  cdl.lift.r          +2 -> [0.13, -0.0225, -0.0225]
  cdl.lift.r          +2 -> [0.135, -0.0225, -0.0225]
  cdl.lift.r          -1 -> [0.1325, -0.0225, -0.0225]
  cdl.lift.r          -1 -> [0.13, -0.0225, -0.0225]
  cdl.lift.r          -1 -> [0.1275, -0.0225, -0.0225]
  cdl.lift.r          -1 -> [0.125, -0.0225, -0.0225]
  cdl.lift.r          -2 -> [0.12, -0.0225, -0.0225]
  cdl.lift.r          -2 -> [0.115, -0.0225, -0.0225]
  cdl.lift.r          -2 -> [0.11, -0.0225, -0.0225]
  cdl.lift.r          -2 -> [0.105, -0.0225, -0.0225]
  cdl.lift.r          -2 -> [0.1, -0.0225, -0.0225]
  cdl.lift.r          -2 -> [0.095, -0.0225, -0.0225]
  cdl.lift.r          -2 -> [0.09, -0.0225, -0.0225]
  cdl.lift.r          -2 -> [0.085, -0.0225, -0.0225]
  cdl.lift.r          -2 -> [0.08, -0.0225, -0.0225]
  cdl.lift.r          -2 -> [0.075, -0.0225, -0.0225]
  cdl.lift.r          -2 -> [0.07, -0.0225, -0.0225]
  cdl.lift.r          -1 -> [0.0675, -0.0225, -0.0225]
  node.add_serial -> node True/2
  node.add_serial -> node True/3
  node.add_serial -> node True/4
  node.add_serial -> node True/5
  node.add_serial -> node True/6
  node.add_serial -> node True/7
  node.add_parallel -> node True/9
  node.add_parallel -> node True/10
  node.add_parallel -> node True/11
  node.delete -> node True/10
  node.delete -> node True/9
  node.delete -> node True/7
  node.delete -> node True/6
  node.delete -> node True/5
  node.delete -> node True/4
  node.delete -> node True/3
  clip.prev -> node True/3
  clip.next -> node True/3
  clip.prev -> node True/3
  clip.prev -> node True/3
  clip.prev -> node True/3
  still.grab
  still.grab
  clip.prev -> node True/3
  clip.prev -> node True/3
  clip.prev -> node True/3
  clip.prev -> node True/3
  clip.next -> node True/3
  clip.prev -> node True/3
  clip.next -> node True/3
  clip.prev -> node True/3
  still.grab
  clip.prev -> node True/3
  clip.prev -> node True/3
  clip.next -> node True/3
  version.add
  clip.prev -> node True/3
  clip.prev -> node True/3
  clip.next -> node True/3
  clip.prev -> node True/3
  clip.next -> node True/3
  clip.prev -> node True/3
  clip.next -> node True/3
  clip.prev -> node True/3
  clip.next -> node True/3
  version.add
  version.add
  version.add
  page.color
  page.color
  page.color
  still.grab
  still.grab
  still.grab
  still.grab
  still.grab
  node.delete -> node True/2
  node.toggle
  node.toggle
  node.toggle
  node.toggle
  node.toggle
  node.toggle
  node.toggle
  node.toggle
  node.toggle
  node.toggle
  viewer.bypass -> node True/2
  viewer.bypass -> node True/2
  viewer.bypass -> node True/2
  viewer.bypass -> node True/2
  viewer.bypass -> node True/2
  viewer.bypass -> node True/2
  viewer.bypass -> node True/2
  viewer.bypass -> node True/2
  viewer.bypass -> node True/2
  viewer.bypass -> node True/2
  viewer.bypass -> node True/2
  viewer.bypass -> node True/2
  grade.reset_node
  grade.reset_node
  grade.reset_node
  grade.reset_node
  grade.reset_node
  grade.reset_node
  viewer.bypass -> node True/2
  viewer.bypass -> node True/2
  grade.reset_node
  grade.reset_node
  grade.reset_node
  clip.prev -> node True/2
  clip.prev -> node True/2
  clip.prev -> node True/2
  clip.prev -> node True/2
  clip.next -> node True/2
  clip.next -> node True/2
  clip.prev -> node True/2
  clip.next -> node True/2
  clip.prev -> node True/2
  unbound ('pitch', 9, 0) 
  unbound ('pitch', 9, 0) 
  unbound ('pitch', 9, 0) 
  unbound ('pitch', 9, 0) 
  unbound ('pitch', 9, 0) 
  unbound ('pitch', 9, 0) 
  unbound ('pitch', 9, 0) 
  unbound ('pitch', 9, 0) 
  unbound ('pitch', 9, 0) 
  unbound ('pitch', 9, 0) 
  unbound ('pitch', 9, 0) 
  unbound ('pitch', 9, 0) 
  unbound ('pitch', 9, 0) 
  unbound ('pitch', 9, 0) 
  unbound ('pitch', 9, 0) 
  unbound ('pitch', 9, 0) 
  unbound ('pitch', 9, 0) 
  unbound ('pitch', 9, 0) 
  unbound ('pitch', 9, 0) 
  unbound ('pitch', 9, 0) 
  unbound ('pitch', 9, 0) 
  unbound ('pitch', 9, 0) 
  unbound ('pitch', 9, 0) 
  unbound ('pitch', 9, 0) 
  unbound ('pitch', 9, 0) 
  unbound ('pitch', 9, 0) 
  unbound ('pitch', 9, 0) 
  unbound ('pitch', 9, 0) 
  unbound ('pitch', 9, 0) 
  unbound ('pitch', 9, 0) 
  unbound ('pitch', 9, 0) 
  unbound ('pitch', 9, 0) 
  unbound ('pitch', 9, 0) 
  unbound ('pitch', 9, 0) 
  unbound ('pitch', 9, 0) 
  unbound ('pitch', 9, 0) 
  unbound ('pitch', 9, 0) 
  unbound ('pitch', 9, 0) 
  unbound ('pitch', 9, 0) 
  unbound ('pitch', 9, 0) 
  unbound ('pitch', 9, 0) 
  unbound ('pitch', 9, 0) 
  unbound ('pitch', 9, 0) 
  unbound ('pitch', 9, 0) 
  unbound ('pitch', 9, 0) 
  unbound ('pitch', 9, 0) 
  unbound ('pitch', 9, 0) 
  unbound ('cc', 2, 44) 127
  unbound ('cc', 2, 45) 127
  unbound ('cc', 2, 47) 127
  unbound ('cc', 2, 46) 127
  unbound ('cc', 2, 48) 127
  unbound ('cc', 2, 47) 0
  unbound ('cc', 2, 48) 0
  unbound ('cc', 2, 49) 127
  unbound ('cc', 2, 49) 0
  unbound ('cc', 2, 48) 127
  unbound ('cc', 2, 48) 0
  clip.next -> node True/2
  clip.prev -> node True/2
  node.delete -> node True/1
  node.toggle
  node.toggle
  node.toggle
  node.toggle
  viewer.bypass -> node True/1
  viewer.bypass -> node True/1
  unbound ('cc', 9, 53) 1
  unbound ('cc', 9, 53) 2
  unbound ('cc', 9, 53) 4
  unbound ('cc', 9, 53) 6
  unbound ('cc', 9, 53) 7
  unbound ('cc', 9, 53) 9
  unbound ('cc', 9, 53) 8
  unbound ('cc', 9, 53) 7
  unbound ('cc', 9, 53) 6
  unbound ('cc', 9, 53) 7
  unbound ('cc', 9, 54) 1
  unbound ('cc', 9, 54) 2
  unbound ('cc', 9, 54) 3
  unbound ('cc', 9, 54) 4
  unbound ('cc', 9, 55) 1
  unbound ('cc', 9, 55) 2
  unbound ('cc', 9, 55) 3
  unbound ('cc', 9, 55) 4
  unbound ('cc', 9, 55) 5
  unbound ('cc', 9, 55) 6
  unbound ('cc', 9, 56) 1
  unbound ('cc', 9, 56) 2
  unbound ('cc', 9, 56) 3
  unbound ('cc', 9, 56) 4
  unbound ('cc', 9, 56) 5
  unbound ('cc', 9, 56) 6
  unbound ('cc', 9, 56) 7
  unbound ('cc', 9, 57) 1
  unbound ('cc', 9, 57) 2
  unbound ('cc', 9, 57) 3
  unbound ('cc', 9, 57) 4
  unbound ('cc', 9, 57) 5
  unbound ('cc', 9, 57) 7
  unbound ('cc', 9, 57) 9
  unbound ('cc', 9, 57) 10
  unbound ('cc', 9, 57) 11
  unbound ('cc', 9, 57) 12
  unbound ('cc', 9, 57) 13
  unbound ('cc', 9, 57) 14
  unbound ('cc', 9, 57) 15
  unbound ('cc', 9, 57) 16
  unbound ('cc', 9, 57) 17
  unbound ('cc', 9, 57) 16
  unbound ('cc', 9, 57) 15
  unbound ('cc', 9, 57) 14
  unbound ('cc', 9, 57) 13
  unbound ('cc', 9, 57) 12
  unbound ('cc', 9, 57) 11
  unbound ('cc', 9, 57) 10
  unbound ('cc', 9, 57) 9
  unbound ('cc', 9, 57) 8
  unbound ('cc', 9, 57) 7
  unbound ('cc', 9, 51) 1
  unbound ('cc', 9, 51) 2
  unbound ('cc', 9, 51) 3
  unbound ('cc', 9, 51) 4
  unbound ('cc', 9, 51) 6
  unbound ('cc', 9, 51) 8
  unbound ('cc', 9, 51) 10
  unbound ('cc', 9, 51) 12
  unbound ('cc', 9, 51) 14
  unbound ('cc', 9, 51) 16
  unbound ('cc', 9, 51) 18
  unbound ('cc', 9, 51) 20
  unbound ('cc', 9, 51) 22
  unbound ('cc', 9, 51) 24
  unbound ('cc', 9, 51) 26
  unbound ('cc', 9, 51) 28
  unbound ('cc', 9, 51) 29
  unbound ('cc', 9, 51) 30
  unbound ('cc', 9, 51) 32
  unbound ('cc', 9, 51) 33
  unbound ('cc', 9, 51) 34
  unbound ('cc', 9, 51) 36
  unbound ('cc', 9, 51) 37
  unbound ('cc', 9, 51) 38
  unbound ('cc', 9, 51) 40
  unbound ('cc', 9, 51) 41
  unbound ('cc', 9, 51) 43
  unbound ('cc', 9, 51) 45
  unbound ('cc', 9, 51) 47
  unbound ('cc', 9, 51) 49
  unbound ('cc', 9, 51) 51
  unbound ('cc', 9, 51) 53
  unbound ('cc', 9, 51) 55
  unbound ('cc', 9, 51) 57
  unbound ('cc', 9, 51) 59
  unbound ('cc', 9, 51) 58
  unbound ('cc', 9, 51) 57
  unbound ('cc', 9, 51) 56
  unbound ('cc', 9, 51) 55
  unbound ('cc', 9, 51) 53
  unbound ('cc', 9, 51) 51
  unbound ('cc', 9, 51) 49
  unbound ('cc', 9, 51) 47
  unbound ('cc', 9, 51) 45
  unbound ('cc', 9, 51) 43
  unbound ('cc', 9, 51) 41
  unbound ('cc', 9, 51) 39
  unbound ('cc', 9, 51) 38
  unbound ('cc', 9, 51) 36
  unbound ('cc', 9, 51) 34
  unbound ('cc', 9, 51) 33
  unbound ('cc', 9, 51) 32
  unbound ('cc', 9, 51) 31
  node.add_serial -> node True/1
  node.add_parallel -> node True/1
  node.delete -> node True/1
  node.toggle
  clip.prev -> node True/1
  clip.next -> node True/1
  version.add
  viewer.bypass -> node True/1
  unbound ('cc', 9, 51) 32
  unbound ('cc', 9, 51) 33
  unbound ('cc', 9, 51) 34
  unbound ('cc', 9, 51) 35
  unbound ('cc', 9, 51) 37
  unbound ('cc', 9, 51) 39
  unbound ('cc', 9, 51) 41
  unbound ('cc', 9, 51) 43
  unbound ('cc', 9, 51) 45
  unbound ('cc', 9, 51) 47
  unbound ('cc', 9, 51) 49
  unbound ('cc', 9, 51) 51
  unbound ('cc', 9, 51) 53
  unbound ('cc', 9, 51) 55
  unbound ('cc', 9, 51) 57
  unbound ('cc', 9, 51) 59
  unbound ('cc', 9, 51) 61
  unbound ('cc', 9, 51) 63
  unbound ('cc', 9, 51) 65
  unbound ('cc', 9, 51) 67
  unbound ('cc', 9, 51) 69
  unbound ('cc', 9, 51) 71
  unbound ('cc', 9, 51) 73
  unbound ('cc', 9, 51) 75
  unbound ('cc', 9, 51) 77
  unbound ('cc', 9, 51) 79
  unbound ('cc', 9, 51) 81
  unbound ('cc', 9, 51) 83
  unbound ('cc', 9, 51) 82
  unbound ('cc', 9, 51) 81
  unbound ('cc', 9, 51) 80
  unbound ('cc', 9, 51) 78
  unbound ('cc', 9, 51) 76
  unbound ('cc', 9, 51) 74
  unbound ('cc', 9, 51) 72
  unbound ('cc', 9, 51) 70
  unbound ('cc', 9, 51) 68
  unbound ('cc', 9, 51) 66
  unbound ('cc', 9, 51) 64
  unbound ('cc', 9, 51) 62
  unbound ('cc', 9, 51) 60
  unbound ('cc', 9, 51) 58
  unbound ('cc', 9, 51) 56
  unbound ('cc', 9, 51) 54
  unbound ('cc', 9, 51) 52
  unbound ('cc', 9, 51) 50
  unbound ('cc', 9, 51) 48
  unbound ('cc', 9, 51) 46
  unbound ('cc', 9, 51) 44
  unbound ('cc', 9, 51) 42
  unbound ('cc', 9, 51) 40
  unbound ('cc', 9, 51) 38
  unbound ('cc', 9, 51) 36
  unbound ('cc', 9, 51) 34
  unbound ('cc', 9, 51) 32
  unbound ('cc', 9, 51) 30
  unbound ('cc', 9, 51) 28
  unbound ('cc', 9, 52) 1
  unbound ('cc', 9, 52) 2
  unbound ('cc', 9, 52) 4
  unbound ('cc', 9, 52) 6
  unbound ('cc', 9, 52) 7
  unbound ('cc', 9, 52) 11
  unbound ('cc', 9, 52) 13
  unbound ('cc', 9, 52) 15
  unbound ('cc', 9, 52) 17
  unbound ('cc', 9, 52) 19
  unbound ('cc', 9, 52) 21
  unbound ('cc', 9, 52) 23
  unbound ('cc', 9, 52) 27
  unbound ('cc', 9, 52) 31
  unbound ('cc', 9, 52) 35
  unbound ('cc', 9, 52) 37
  unbound ('cc', 9, 52) 36
  unbound ('cc', 9, 52) 35
  unbound ('cc', 9, 52) 34
  unbound ('cc', 9, 52) 32
  unbound ('cc', 9, 52) 30
  unbound ('cc', 9, 52) 28
  unbound ('cc', 9, 52) 26
  unbound ('cc', 9, 52) 24
  unbound ('cc', 9, 52) 22
  unbound ('cc', 9, 52) 20
  unbound ('cc', 9, 52) 18
  unbound ('cc', 9, 52) 16
  unbound ('cc', 9, 52) 14
  unbound ('cc', 9, 52) 12
  unbound ('cc', 9, 52) 10
  unbound ('cc', 9, 52) 8
  unbound ('cc', 9, 52) 6
  unbound ('cc', 9, 52) 4
  unbound ('cc', 9, 52) 3
  unbound ('cc', 9, 52) 1
  unbound ('cc', 9, 52) 0
  unbound ('cc', 9, 52) 1
  unbound ('cc', 9, 52) 2
  unbound ('cc', 9, 52) 3
  unbound ('cc', 9, 52) 4
  unbound ('cc', 9, 52) 6
  unbound ('cc', 9, 52) 7
  unbound ('cc', 9, 52) 8
  unbound ('cc', 9, 52) 9
  unbound ('cc', 9, 52) 11
  unbound ('cc', 9, 52) 13
  unbound ('cc', 9, 52) 15
  unbound ('cc', 9, 52) 17
  unbound ('cc', 9, 52) 19
  unbound ('cc', 9, 52) 21
  unbound ('cc', 9, 52) 23
  unbound ('cc', 9, 52) 25
  unbound ('cc', 9, 52) 27
  unbound ('cc', 9, 52) 29
  unbound ('cc', 9, 52) 30
  unbound ('cc', 9, 52) 31
  unbound ('cc', 9, 51) 29
  unbound ('cc', 9, 51) 30
  unbound ('cc', 9, 51) 31
  unbound ('cc', 9, 51) 32
  unbound ('cc', 9, 51) 34
  unbound ('cc', 9, 51) 36
  unbound ('cc', 9, 51) 38
  unbound ('cc', 9, 51) 40
  unbound ('cc', 9, 51) 42
  unbound ('cc', 9, 51) 44
  unbound ('cc', 9, 51) 46
  unbound ('cc', 9, 51) 48
  unbound ('cc', 9, 51) 50
  unbound ('cc', 9, 51) 52
  unbound ('cc', 9, 51) 54
  unbound ('cc', 9, 51) 56
  unbound ('cc', 9, 51) 58
  unbound ('cc', 9, 51) 60
  unbound ('cc', 9, 51) 62
  unbound ('cc', 9, 51) 64
  unbound ('cc', 9, 51) 66
  unbound ('cc', 9, 51) 68
  unbound ('cc', 9, 51) 70
  unbound ('cc', 9, 51) 69
  unbound ('cc', 9, 51) 68
  unbound ('cc', 9, 51) 67
  unbound ('cc', 9, 51) 66
  unbound ('cc', 9, 51) 64
  unbound ('cc', 9, 51) 62
  unbound ('cc', 9, 51) 60
  unbound ('cc', 9, 51) 58
  unbound ('cc', 9, 51) 56
  unbound ('cc', 9, 51) 54
  unbound ('cc', 9, 51) 52
  unbound ('cc', 9, 51) 50
  unbound ('cc', 9, 51) 48
  unbound ('cc', 9, 51) 46
  unbound ('cc', 9, 51) 44
  unbound ('cc', 9, 51) 42
  unbound ('cc', 9, 51) 40
  unbound ('cc', 9, 51) 38
  unbound ('cc', 9, 51) 36
  unbound ('cc', 9, 51) 34
  unbound ('cc', 9, 51) 32
  unbound ('cc', 9, 51) 30
  unbound ('cc', 9, 51) 28
  unbound ('cc', 9, 51) 26
  unbound ('cc', 9, 51) 24
  unbound ('cc', 9, 51) 22
  unbound ('cc', 9, 51) 20
  unbound ('cc', 9, 51) 18
  unbound ('cc', 9, 51) 16
  unbound ('cc', 9, 51) 14
  unbound ('cc', 9, 51) 12
  unbound ('cc', 9, 51) 10
  unbound ('cc', 9, 51) 8
  unbound ('cc', 9, 51) 7
  unbound ('cc', 9, 51) 5
  unbound ('cc', 9, 51) 6
  unbound ('cc', 9, 51) 7
  unbound ('cc', 9, 51) 8
  unbound ('cc', 9, 51) 12
  unbound ('cc', 9, 51) 14
  unbound ('cc', 9, 51) 16
  unbound ('cc', 9, 51) 18
  unbound ('cc', 9, 51) 20
  unbound ('cc', 9, 51) 22
  unbound ('cc', 9, 51) 24
  unbound ('cc', 9, 51) 26
  unbound ('cc', 9, 51) 28
  unbound ('cc', 9, 51) 30
  unbound ('cc', 9, 51) 32
  unbound ('cc', 9, 51) 34
  unbound ('cc', 9, 51) 36
  unbound ('cc', 9, 51) 38
  unbound ('cc', 9, 51) 40
  unbound ('cc', 9, 51) 42
  unbound ('cc', 9, 51) 44
  unbound ('cc', 9, 51) 46
  unbound ('cc', 9, 51) 48
  unbound ('cc', 9, 51) 50
  unbound ('cc', 9, 51) 52
  unbound ('cc', 9, 51) 54
  unbound ('cc', 9, 51) 56
  unbound ('cc', 9, 51) 58
  unbound ('cc', 9, 51) 57
  unbound ('cc', 9, 51) 56
  unbound ('cc', 9, 51) 55
  unbound ('cc', 9, 51) 54
  unbound ('cc', 9, 51) 52
  unbound ('cc', 9, 51) 50
  unbound ('cc', 9, 51) 48
  unbound ('cc', 9, 51) 46
  unbound ('cc', 9, 51) 44
  unbound ('cc', 9, 51) 42
  unbound ('cc', 9, 51) 40
  unbound ('cc', 9, 51) 38
  unbound ('cc', 9, 51) 36
  unbound ('cc', 9, 51) 34
  unbound ('cc', 9, 51) 32
  unbound ('cc', 9, 51) 30
  unbound ('cc', 9, 51) 28
  unbound ('cc', 9, 51) 26
  unbound ('cc', 9, 51) 24
  unbound ('cc', 9, 51) 22
  unbound ('cc', 9, 51) 21
  unbound ('cc', 9, 51) 19
  unbound ('cc', 9, 51) 18
  unbound ('cc', 9, 51) 17
  unbound ('cc', 9, 51) 16
  unbound ('cc', 9, 51) 14
  unbound ('cc', 9, 51) 12
  unbound ('cc', 9, 51) 10
  unbound ('cc', 9, 51) 9
  unbound ('cc', 9, 51) 8
  unbound ('cc', 9, 51) 7
  unbound ('cc', 9, 51) 5
  unbound ('cc', 9, 51) 3
  unbound ('cc', 9, 51) 1
  unbound ('cc', 9, 51) 0
  unbound ('cc', 9, 51) 1
  unbound ('cc', 9, 51) 2
  unbound ('cc', 9, 51) 3
  unbound ('cc', 9, 51) 4
  unbound ('cc', 9, 51) 6
  unbound ('cc', 9, 51) 8
  unbound ('cc', 9, 51) 10
  unbound ('cc', 9, 51) 12
  unbound ('cc', 9, 51) 14
  unbound ('cc', 9, 51) 16
  unbound ('cc', 9, 51) 18
  unbound ('cc', 9, 51) 20
  unbound ('cc', 9, 51) 22
  unbound ('cc', 9, 51) 24
  unbound ('cc', 9, 51) 26
  unbound ('cc', 9, 51) 28
  unbound ('cc', 9, 51) 30
  unbound ('cc', 9, 51) 32
  unbound ('cc', 9, 51) 34
  unbound ('cc', 9, 51) 36
  unbound ('cc', 9, 51) 38
  unbound ('cc', 9, 51) 39
  unbound ('cc', 9, 51) 40
  unbound ('cc', 9, 51) 41
  unbound ('cc', 9, 52) 30
  unbound ('cc', 9, 52) 29
  unbound ('cc', 9, 52) 28
  unbound ('cc', 9, 52) 27
  unbound ('cc', 9, 52) 25
  unbound ('cc', 9, 52) 23
  unbound ('cc', 9, 52) 21
  unbound ('cc', 9, 52) 19
  unbound ('cc', 9, 52) 17
  unbound ('cc', 9, 52) 15
  unbound ('cc', 9, 52) 13
  unbound ('cc', 9, 52) 11
  unbound ('cc', 9, 52) 9
  unbound ('cc', 9, 52) 7
  unbound ('cc', 9, 52) 5
  unbound ('cc', 9, 52) 3
  unbound ('cc', 9, 53) 8
  unbound ('cc', 9, 53) 9
  unbound ('cc', 9, 53) 11
  unbound ('cc', 9, 53) 12
  unbound ('cc', 9, 53) 14
  unbound ('cc', 9, 53) 16
  unbound ('cc', 9, 53) 18
  unbound ('cc', 9, 53) 20
  unbound ('cc', 9, 53) 22
  unbound ('cc', 9, 53) 24
  unbound ('cc', 9, 53) 26
  unbound ('cc', 9, 53) 28
  unbound ('cc', 9, 53) 30
  unbound ('cc', 9, 53) 32
  unbound ('cc', 9, 53) 34
  unbound ('cc', 9, 53) 36
  unbound ('cc', 9, 53) 38
  unbound ('cc', 9, 53) 40
  unbound ('cc', 9, 53) 42
  unbound ('cc', 9, 53) 41
  unbound ('cc', 9, 53) 40
  unbound ('cc', 9, 53) 39
  unbound ('cc', 9, 53) 38
  unbound ('cc', 9, 53) 36
  unbound ('cc', 9, 53) 34
  unbound ('cc', 9, 54) 5
  unbound ('cc', 9, 54) 6
  unbound ('cc', 9, 54) 7
  unbound ('cc', 9, 54) 8
  unbound ('cc', 9, 54) 12
  unbound ('cc', 9, 54) 14
  unbound ('cc', 9, 54) 16
  unbound ('cc', 9, 54) 20
  unbound ('cc', 9, 54) 24
  unbound ('cc', 9, 54) 28
  unbound ('cc', 9, 54) 32
  unbound ('cc', 9, 54) 36
  unbound ('cc', 9, 54) 40
  unbound ('cc', 9, 54) 44
  unbound ('cc', 9, 54) 48
  unbound ('cc', 9, 54) 52
  unbound ('cc', 9, 54) 56
  unbound ('cc', 9, 54) 60
  unbound ('cc', 9, 54) 64
  unbound ('cc', 9, 54) 68
  unbound ('cc', 9, 54) 70
  unbound ('cc', 9, 54) 72
  unbound ('cc', 9, 54) 74
  unbound ('cc', 9, 51) 42
  unbound ('cc', 9, 51) 43
  unbound ('cc', 9, 51) 44
  unbound ('cc', 9, 51) 45
  unbound ('cc', 9, 51) 47
  unbound ('cc', 9, 51) 49
  unbound ('cc', 9, 51) 51
  unbound ('cc', 9, 51) 53
  unbound ('cc', 9, 51) 55
  unbound ('cc', 9, 51) 57
  unbound ('cc', 9, 51) 59
  unbound ('cc', 9, 51) 61
  unbound ('cc', 9, 51) 63
  unbound ('cc', 9, 51) 65
  unbound ('cc', 9, 51) 67
  unbound ('cc', 9, 51) 69
  unbound ('cc', 9, 51) 71
  unbound ('cc', 9, 51) 73
  unbound ('cc', 9, 51) 75
  unbound ('cc', 9, 51) 77
  unbound ('cc', 9, 51) 79
  unbound ('cc', 9, 51) 83
  unbound ('cc', 9, 51) 85
  unbound ('cc', 9, 51) 87
  unbound ('cc', 9, 51) 86
  unbound ('cc', 9, 51) 85
  unbound ('cc', 9, 51) 84
  unbound ('cc', 9, 51) 82
  unbound ('cc', 9, 51) 80
  unbound ('cc', 9, 51) 78
  unbound ('cc', 9, 51) 76
  unbound ('cc', 9, 51) 74
  unbound ('cc', 9, 51) 72
  unbound ('cc', 9, 51) 70
  unbound ('cc', 9, 51) 68
  unbound ('cc', 9, 51) 66
  unbound ('cc', 9, 51) 64
  unbound ('cc', 9, 51) 62
  unbound ('cc', 9, 51) 60
  unbound ('cc', 9, 51) 58
  unbound ('cc', 9, 51) 56
  unbound ('cc', 9, 51) 54
  unbound ('cc', 9, 51) 53
  unbound ('cc', 9, 51) 52
  unbound ('cc', 9, 51) 51
  unbound ('cc', 9, 51) 50
  unbound ('cc', 9, 51) 49
  unbound ('cc', 9, 51) 50
  unbound ('cc', 9, 51) 51
  unbound ('cc', 9, 51) 52
  unbound ('cc', 9, 51) 53
  unbound ('cc', 9, 51) 54
  unbound ('cc', 9, 51) 55
  unbound ('cc', 9, 51) 56
  unbound ('cc', 9, 51) 57
  unbound ('cc', 9, 51) 58
  unbound ('cc', 9, 51) 59
  unbound ('cc', 9, 51) 61
  unbound ('cc', 9, 51) 63
  unbound ('cc', 9, 51) 65
  unbound ('cc', 9, 51) 67
  unbound ('cc', 9, 51) 69
  unbound ('cc', 9, 51) 71
  unbound ('cc', 9, 51) 72
  unbound ('cc', 9, 51) 74
  unbound ('cc', 9, 51) 73
  unbound ('cc', 9, 51) 72
  unbound ('cc', 9, 51) 71
  unbound ('cc', 9, 51) 70
  unbound ('cc', 9, 51) 69
  unbound ('cc', 9, 51) 67
  unbound ('cc', 9, 51) 66
  unbound ('cc', 9, 51) 65
  unbound ('cc', 9, 51) 63
  unbound ('cc', 9, 51) 62
  unbound ('cc', 9, 51) 61
  unbound ('cc', 9, 51) 59
  unbound ('cc', 9, 52) 4
  unbound ('cc', 9, 52) 5
  unbound ('cc', 9, 52) 6
  unbound ('cc', 9, 52) 7
  unbound ('cc', 9, 52) 9
  unbound ('cc', 9, 52) 11
  unbound ('cc', 9, 52) 13
  unbound ('cc', 9, 52) 15
  unbound ('cc', 9, 52) 16
  unbound ('cc', 9, 52) 17
  unbound ('cc', 9, 52) 19
  unbound ('cc', 9, 52) 20
  unbound ('cc', 9, 52) 21
  unbound ('cc', 9, 52) 23
  unbound ('cc', 9, 52) 22
  unbound ('cc', 9, 52) 21
  unbound ('cc', 9, 52) 20
  unbound ('cc', 9, 52) 18
  unbound ('cc', 9, 52) 16
  unbound ('cc', 9, 52) 14
  unbound ('cc', 9, 52) 12
  unbound ('cc', 9, 52) 10
  unbound ('cc', 9, 52) 8
  unbound ('cc', 9, 52) 6
  unbound ('cc', 9, 52) 4
  unbound ('cc', 9, 52) 2
  unbound ('cc', 9, 52) 0
  unbound ('cc', 9, 52) 1
  unbound ('cc', 9, 52) 2
  unbound ('cc', 9, 52) 3
  unbound ('cc', 9, 52) 5
  unbound ('cc', 9, 52) 6
  unbound ('cc', 9, 52) 8
  unbound ('cc', 9, 52) 10
  unbound ('cc', 9, 52) 12
  unbound ('cc', 9, 52) 14
  unbound ('cc', 9, 52) 16
  unbound ('cc', 9, 52) 18
  unbound ('cc', 9, 52) 20
  unbound ('cc', 9, 52) 22
  unbound ('cc', 9, 52) 24
  unbound ('cc', 9, 51) 58
  unbound ('cc', 9, 51) 57
  unbound ('cc', 9, 51) 55
  unbound ('cc', 9, 51) 54
  unbound ('cc', 9, 51) 52
  unbound ('cc', 9, 51) 51
  unbound ('cc', 9, 51) 50
  unbound ('cc', 9, 51) 49
  unbound ('cc', 9, 51) 48
  unbound ('cc', 9, 51) 49
  unbound ('cc', 9, 51) 50
  unbound ('cc', 9, 51) 51
  unbound ('cc', 9, 51) 52
  unbound ('cc', 9, 51) 54
  unbound ('cc', 9, 51) 56
  unbound ('cc', 9, 51) 58
  unbound ('cc', 9, 51) 60
  unbound ('cc', 9, 51) 62
  unbound ('cc', 9, 51) 64
  unbound ('cc', 9, 51) 66
  unbound ('cc', 9, 51) 68
  unbound ('cc', 9, 51) 70
  unbound ('cc', 9, 51) 72
  unbound ('cc', 9, 51) 74
  unbound ('cc', 9, 51) 76
  unbound ('cc', 9, 51) 78
  unbound ('cc', 9, 51) 80
  unbound ('cc', 9, 51) 82
  unbound ('cc', 9, 51) 84
  unbound ('cc', 9, 51) 86
  unbound ('cc', 9, 51) 88
  unbound ('cc', 9, 51) 90
  unbound ('cc', 9, 51) 92
  unbound ('cc', 9, 51) 94
  unbound ('cc', 9, 51) 96
  unbound ('cc', 9, 51) 97
  unbound ('cc', 9, 51) 98
  unbound ('cc', 9, 51) 100
  unbound ('cc', 9, 51) 101
  unbound ('cc', 9, 51) 102
  unbound ('cc', 9, 51) 101
  unbound ('cc', 9, 51) 100
  unbound ('cc', 9, 51) 99
  unbound ('cc', 9, 51) 98
  unbound ('cc', 9, 51) 96
  unbound ('cc', 9, 51) 94
  unbound ('cc', 9, 51) 92
  unbound ('cc', 9, 51) 90
  unbound ('cc', 9, 51) 88
  unbound ('cc', 9, 51) 86
  unbound ('cc', 9, 51) 84
  unbound ('cc', 9, 51) 82
  unbound ('cc', 9, 51) 80
  unbound ('cc', 9, 51) 78
  unbound ('cc', 9, 51) 76
  unbound ('cc', 9, 51) 74
  unbound ('cc', 9, 51) 72
  unbound ('cc', 9, 51) 70
  unbound ('cc', 9, 51) 68
  unbound ('cc', 9, 51) 66
  unbound ('cc', 9, 51) 64
  unbound ('cc', 9, 51) 62
  unbound ('cc', 9, 51) 60
  unbound ('cc', 9, 51) 58
  unbound ('cc', 9, 51) 56
  unbound ('cc', 9, 51) 54
  unbound ('cc', 9, 51) 52
  unbound ('cc', 9, 51) 50
  unbound ('cc', 9, 51) 49
  unbound ('cc', 9, 51) 48
  unbound ('cc', 9, 51) 49
  unbound ('cc', 9, 51) 50
  unbound ('cc', 9, 51) 51
  unbound ('cc', 9, 51) 52
  unbound ('cc', 9, 51) 53
  unbound ('cc', 9, 51) 54
  unbound ('cc', 9, 51) 55
  unbound ('cc', 9, 51) 56
  unbound ('cc', 9, 51) 57
  unbound ('cc', 9, 51) 58
  unbound ('cc', 9, 51) 59
  unbound ('cc', 9, 51) 60
  unbound ('cc', 9, 51) 61
  unbound ('cc', 9, 51) 62
  unbound ('cc', 9, 51) 63
  unbound ('cc', 9, 51) 65
  unbound ('cc', 9, 51) 66
  unbound ('cc', 9, 51) 67
  unbound ('cc', 9, 51) 68
  unbound ('cc', 9, 51) 69
  unbound ('cc', 9, 51) 70
  unbound ('cc', 9, 51) 71
  unbound ('cc', 9, 51) 72
  unbound ('cc', 9, 51) 73
  unbound ('cc', 9, 51) 74
  unbound ('cc', 9, 51) 75
  unbound ('cc', 9, 51) 77
  unbound ('cc', 9, 51) 78
  unbound ('cc', 9, 52) 25
  unbound ('cc', 9, 52) 26
  unbound ('cc', 9, 52) 28
  unbound ('cc', 9, 52) 29
  unbound ('cc', 9, 52) 30
  unbound ('cc', 9, 52) 32
  unbound ('cc', 9, 52) 33
  unbound ('cc', 9, 52) 34
  unbound ('cc', 9, 52) 35
  unbound ('cc', 9, 52) 36
  unbound ('cc', 9, 52) 38
  unbound ('cc', 9, 52) 39
  unbound ('cc', 9, 52) 40
  unbound ('cc', 9, 52) 42
  unbound ('cc', 9, 52) 43
  unbound ('cc', 9, 52) 44
  unbound ('cc', 9, 52) 45
  unbound ('cc', 9, 52) 47
  unbound ('cc', 9, 52) 49
  unbound ('cc', 9, 52) 51
  unbound ('cc', 9, 52) 52
  unbound ('cc', 9, 52) 53
  unbound ('cc', 9, 52) 55
  unbound ('cc', 9, 52) 56
  unbound ('cc', 9, 52) 57
  unbound ('cc', 9, 52) 59
  unbound ('cc', 9, 52) 61
  unbound ('cc', 9, 52) 65
  unbound ('cc', 9, 52) 67
  unbound ('cc', 9, 52) 69
  unbound ('cc', 9, 52) 71
  unbound ('cc', 9, 52) 73
  unbound ('cc', 9, 52) 75
  unbound ('cc', 9, 52) 77
  unbound ('cc', 9, 52) 79
  unbound ('cc', 9, 52) 81
  unbound ('cc', 9, 52) 83
  unbound ('cc', 9, 52) 85
  unbound ('cc', 9, 52) 87
  unbound ('cc', 9, 52) 89
  unbound ('cc', 9, 52) 91
  unbound ('cc', 9, 53) 33
  unbound ('cc', 9, 53) 32
  unbound ('cc', 9, 53) 31
  unbound ('cc', 9, 53) 30
  unbound ('cc', 9, 53) 29
  unbound ('cc', 9, 53) 27
  unbound ('cc', 9, 53) 26
  unbound ('cc', 9, 53) 25
  unbound ('cc', 9, 53) 23
  unbound ('cc', 9, 53) 22
  unbound ('cc', 9, 53) 20
  unbound ('cc', 9, 53) 18
  unbound ('cc', 9, 53) 16
  unbound ('cc', 9, 53) 14
  unbound ('cc', 9, 53) 13
  unbound ('cc', 9, 53) 12
  unbound ('cc', 9, 52) 92
  unbound ('cc', 9, 52) 93
  unbound ('cc', 9, 52) 94
  unbound ('cc', 9, 52) 95
  unbound ('cc', 9, 52) 96
  unbound ('cc', 9, 52) 97
  unbound ('cc', 9, 52) 98
  unbound ('cc', 9, 52) 99
  unbound ('cc', 9, 52) 100
  unbound ('cc', 9, 52) 101
  unbound ('cc', 9, 52) 102
  unbound ('cc', 9, 52) 103
  unbound ('cc', 9, 51) 79
  unbound ('cc', 9, 51) 78
  unbound ('cc', 9, 51) 77
  unbound ('cc', 9, 51) 76
  unbound ('cc', 9, 51) 75
  unbound ('cc', 9, 51) 73
  unbound ('cc', 9, 51) 71
  unbound ('cc', 9, 51) 69
  unbound ('cc', 9, 51) 67
  unbound ('cc', 9, 51) 65
  unbound ('cc', 9, 51) 63
  unbound ('cc', 9, 51) 62
  unbound ('cc', 9, 51) 60
  unbound ('cc', 9, 51) 59
  unbound ('cc', 9, 51) 58
  unbound ('cc', 9, 51) 56
  unbound ('cc', 9, 51) 55
  unbound ('cc', 9, 51) 54
  unbound ('cc', 9, 51) 52
  unbound ('cc', 9, 51) 51
  unbound ('cc', 9, 52) 104
  unbound ('cc', 9, 52) 105
  unbound ('cc', 9, 52) 109
  unbound ('cc', 9, 52) 111
  unbound ('cc', 9, 52) 113
  unbound ('cc', 9, 52) 114
  unbound ('cc', 9, 52) 116
  unbound ('cc', 9, 52) 117
  unbound ('cc', 9, 52) 118
  unbound ('cc', 9, 52) 120
  unbound ('cc', 9, 52) 121
  unbound ('cc', 9, 52) 122
  unbound ('cc', 9, 52) 124
  unbound ('cc', 9, 52) 125
  unbound ('cc', 9, 52) 126
  unbound ('cc', 9, 52) 127
  unbound ('cc', 9, 51) 50
  unbound ('cc', 9, 51) 49
  unbound ('cc', 9, 51) 48
  unbound ('cc', 9, 51) 47
  unbound ('cc', 9, 51) 46
  unbound ('cc', 9, 51) 45
  unbound ('cc', 9, 51) 44
  unbound ('cc', 9, 51) 45
  unbound ('cc', 9, 51) 46
  unbound ('cc', 9, 51) 47
  unbound ('cc', 9, 51) 48
  unbound ('cc', 9, 51) 49
  unbound ('cc', 9, 51) 51
  unbound ('cc', 9, 51) 53
  unbound ('cc', 9, 51) 55
  unbound ('cc', 9, 51) 57
  unbound ('cc', 9, 51) 59
  unbound ('cc', 9, 51) 61
  unbound ('cc', 9, 51) 63
  unbound ('cc', 9, 51) 65
  unbound ('cc', 9, 51) 67
  unbound ('cc', 9, 51) 69
  unbound ('cc', 9, 51) 71
  unbound ('cc', 9, 51) 73
  unbound ('cc', 9, 51) 75
  unbound ('cc', 9, 51) 77
  unbound ('cc', 9, 51) 79
  unbound ('cc', 9, 51) 81
  unbound ('cc', 9, 51) 83
  unbound ('cc', 9, 51) 85
  unbound ('cc', 9, 51) 89
  unbound ('cc', 9, 51) 91
  unbound ('cc', 9, 51) 92
  unbound ('cc', 9, 51) 94
  unbound ('cc', 9, 51) 93
  unbound ('cc', 9, 51) 92
  unbound ('cc', 9, 51) 91
  unbound ('cc', 9, 51) 89
  unbound ('cc', 9, 51) 87
  unbound ('cc', 9, 51) 85
  unbound ('cc', 9, 51) 83
  unbound ('cc', 9, 51) 81
  unbound ('cc', 9, 51) 79
  unbound ('cc', 9, 51) 77
  unbound ('cc', 9, 51) 75
  unbound ('cc', 9, 51) 73
  unbound ('cc', 9, 51) 71
  unbound ('cc', 9, 51) 69
  unbound ('cc', 9, 51) 67
  unbound ('cc', 9, 51) 65
  unbound ('cc', 9, 51) 63
  unbound ('cc', 9, 51) 61
  unbound ('cc', 9, 51) 59
  unbound ('cc', 9, 51) 57
  unbound ('cc', 9, 51) 55
  unbound ('cc', 9, 51) 53
  unbound ('cc', 9, 51) 51
  unbound ('cc', 9, 51) 49
  unbound ('cc', 9, 51) 47
  unbound ('cc', 9, 51) 45
  unbound ('cc', 9, 51) 43
  unbound ('cc', 9, 51) 41
  unbound ('cc', 9, 51) 39
  unbound ('cc', 9, 51) 37
  unbound ('cc', 9, 51) 35
  unbound ('cc', 9, 51) 33
  unbound ('cc', 9, 51) 31
  unbound ('cc', 9, 51) 29
  unbound ('cc', 9, 52) 126
  unbound ('cc', 9, 52) 125
  unbound ('cc', 9, 52) 124
  unbound ('cc', 9, 52) 123
  unbound ('cc', 9, 52) 121
  unbound ('cc', 9, 52) 119
  unbound ('cc', 9, 52) 117
  unbound ('cc', 9, 52) 115
  unbound ('cc', 9, 52) 113
  unbound ('cc', 9, 52) 111
  unbound ('cc', 9, 52) 109
  unbound ('cc', 9, 52) 107
  unbound ('cc', 9, 52) 106
  unbound ('cc', 9, 52) 105
  unbound ('cc', 9, 52) 103
  unbound ('cc', 9, 52) 101
  unbound ('cc', 9, 52) 99
  unbound ('cc', 9, 52) 97
  unbound ('cc', 9, 52) 95
  unbound ('cc', 9, 52) 91
  unbound ('cc', 9, 52) 90
  unbound ('cc', 9, 52) 89
  unbound ('cc', 9, 52) 87
  unbound ('cc', 9, 52) 85
  unbound ('cc', 9, 53) 13
  unbound ('cc', 9, 53) 14
  unbound ('cc', 9, 53) 15
  unbound ('cc', 9, 53) 16
  unbound ('cc', 9, 53) 18
  unbound ('cc', 9, 53) 20
  unbound ('cc', 9, 53) 22
  unbound ('cc', 9, 53) 24
  unbound ('cc', 9, 53) 26
  unbound ('cc', 9, 53) 28
  unbound ('cc', 9, 53) 30
  unbound ('cc', 9, 53) 32
  unbound ('cc', 9, 53) 34
  unbound ('cc', 9, 53) 36
  unbound ('cc', 9, 53) 38
  unbound ('cc', 9, 53) 40
  unbound ('cc', 9, 53) 42
  unbound ('cc', 9, 53) 44
  unbound ('cc', 9, 53) 46
  unbound ('cc', 9, 53) 48
  unbound ('cc', 9, 53) 50
  unbound ('cc', 9, 53) 52
  unbound ('cc', 9, 53) 54
  unbound ('cc', 9, 53) 56
  unbound ('cc', 9, 53) 58
  unbound ('cc', 9, 53) 60
  unbound ('cc', 9, 53) 61
  unbound ('cc', 9, 53) 62
  unbound ('cc', 9, 53) 61
  unbound ('cc', 9, 53) 60
  unbound ('cc', 9, 53) 59
  unbound ('cc', 9, 53) 57
  unbound ('cc', 9, 53) 55
  unbound ('cc', 9, 53) 53
  unbound ('cc', 9, 53) 51
  unbound ('cc', 9, 53) 49
  unbound ('cc', 9, 53) 47
  unbound ('cc', 9, 53) 45
  unbound ('cc', 9, 53) 43
  unbound ('cc', 9, 53) 41
  unbound ('cc', 9, 53) 39
  unbound ('cc', 9, 53) 37
  unbound ('cc', 9, 53) 35
  unbound ('cc', 9, 53) 33
  unbound ('cc', 9, 53) 31
  unbound ('cc', 9, 53) 29
  unbound ('cc', 9, 53) 27
  unbound ('cc', 9, 53) 25
  unbound ('cc', 9, 53) 23
  unbound ('cc', 9, 53) 21
  unbound ('cc', 9, 53) 19
  unbound ('cc', 9, 53) 17
  unbound ('cc', 9, 53) 15
  unbound ('cc', 9, 53) 13
  unbound ('cc', 9, 54) 75
  unbound ('cc', 9, 54) 76
  unbound ('cc', 9, 54) 77
  unbound ('cc', 9, 54) 79
  unbound ('cc', 9, 54) 80
  unbound ('cc', 9, 54) 82
  unbound ('cc', 9, 54) 84
  unbound ('cc', 9, 54) 86
  unbound ('cc', 9, 54) 88
  unbound ('cc', 9, 54) 90
  unbound ('cc', 9, 54) 92
  unbound ('cc', 9, 54) 94
  unbound ('cc', 9, 54) 96
  unbound ('cc', 9, 54) 98
  unbound ('cc', 9, 54) 100
  unbound ('cc', 9, 54) 102
  unbound ('cc', 9, 54) 104
  unbound ('cc', 9, 54) 105
  unbound ('cc', 9, 54) 106
  unbound ('cc', 9, 54) 105
  unbound ('cc', 9, 54) 104
  unbound ('cc', 9, 54) 103
  unbound ('cc', 9, 54) 102
  unbound ('cc', 9, 54) 100
  unbound ('cc', 9, 54) 98
  unbound ('cc', 9, 54) 96
  unbound ('cc', 9, 54) 94
  unbound ('cc', 9, 54) 92
  unbound ('cc', 9, 54) 90
  unbound ('cc', 9, 54) 88
  unbound ('cc', 9, 54) 86
  unbound ('cc', 9, 54) 84
  unbound ('cc', 9, 54) 82
  node.prev -> node 1/1
  node.next -> node 1/1
  node.prev -> node 1/1
  node.prev -> node 1/1
  node.prev -> node 1/1
  node.next -> node 1/1
  node.next -> node 1/1
  node.next -> node 1/1
  node.prev -> node 1/1
  unbound ('cc', 9, 51) 30
  unbound ('cc', 9, 51) 31
  unbound ('cc', 9, 51) 32
  unbound ('cc', 9, 51) 33
  unbound ('cc', 9, 51) 34
  unbound ('cc', 9, 51) 35
  unbound ('cc', 9, 51) 37
  unbound ('cc', 9, 51) 39
  unbound ('cc', 9, 51) 41
  unbound ('cc', 9, 51) 43
  unbound ('cc', 9, 51) 45
  unbound ('cc', 9, 51) 47
  unbound ('cc', 9, 51) 49
  unbound ('cc', 9, 51) 51
  unbound ('cc', 9, 51) 53
  unbound ('cc', 9, 51) 55
  unbound ('cc', 9, 51) 57
  unbound ('cc', 9, 51) 59
  unbound ('cc', 9, 51) 63
  unbound ('cc', 9, 51) 65
  unbound ('cc', 9, 51) 67
  unbound ('cc', 9, 51) 69
  unbound ('cc', 9, 51) 71
  unbound ('cc', 9, 51) 73
  unbound ('cc', 9, 51) 75
  unbound ('cc', 9, 51) 77
  unbound ('cc', 9, 51) 76
  unbound ('cc', 9, 51) 75
  unbound ('cc', 9, 51) 74
  unbound ('cc', 9, 51) 73
  unbound ('cc', 9, 51) 71
  unbound ('cc', 9, 51) 69
  unbound ('cc', 9, 51) 67
  unbound ('cc', 9, 51) 65
  unbound ('cc', 9, 51) 63
  unbound ('cc', 9, 51) 61
  unbound ('cc', 9, 51) 59
  unbound ('cc', 9, 51) 57
  unbound ('cc', 9, 51) 55
  unbound ('cc', 9, 51) 53
  unbound ('cc', 9, 51) 51
  unbound ('cc', 9, 51) 49
  unbound ('cc', 9, 51) 47
  unbound ('cc', 9, 51) 45
  unbound ('cc', 9, 51) 43
  unbound ('cc', 9, 51) 41
  unbound ('cc', 9, 51) 40
  unbound ('cc', 9, 51) 38
  unbound ('cc', 9, 51) 37
  unbound ('cc', 9, 51) 36
  unbound ('cc', 9, 51) 35
  unbound ('cc', 9, 51) 34
  unbound ('cc', 9, 51) 33
  unbound ('cc', 9, 51) 32
  unbound ('cc', 9, 51) 31
  unbound ('cc', 9, 51) 30
  unbound ('cc', 9, 51) 29
  unbound ('cc', 9, 51) 28
  unbound ('cc', 9, 51) 26
  unbound ('cc', 9, 51) 25
  unbound ('cc', 9, 51) 24
  unbound ('cc', 9, 51) 22
  unbound ('cc', 9, 51) 21
  unbound ('cc', 9, 51) 20
  unbound ('cc', 9, 51) 19
  unbound ('cc', 9, 51) 17
  unbound ('cc', 9, 51) 16
  unbound ('cc', 9, 51) 15
  unbound ('cc', 9, 51) 14
  unbound ('cc', 9, 51) 12
  unbound ('cc', 9, 51) 10
  unbound ('cc', 9, 51) 8
  unbound ('cc', 9, 51) 6
  unbound ('cc', 9, 51) 4
  unbound ('cc', 9, 51) 2
  unbound ('cc', 9, 51) 0
  unbound ('cc', 9, 51) 1
  unbound ('cc', 9, 51) 2
  unbound ('cc', 9, 51) 3
  unbound ('cc', 9, 51) 4
  unbound ('cc', 9, 51) 6
  unbound ('cc', 9, 51) 8
  unbound ('cc', 9, 51) 10
  unbound ('cc', 9, 51) 12
  unbound ('cc', 9, 51) 16
  unbound ('cc', 9, 51) 18
  unbound ('cc', 9, 51) 20
  unbound ('cc', 9, 51) 22
  unbound ('cc', 9, 51) 24
  unbound ('cc', 9, 51) 26
  unbound ('cc', 9, 51) 28
  unbound ('cc', 9, 51) 30
  unbound ('cc', 9, 51) 32
  unbound ('cc', 9, 51) 34
  unbound ('cc', 9, 51) 36
  unbound ('cc', 9, 51) 38
  unbound ('cc', 9, 51) 40
  unbound ('cc', 9, 51) 42
  unbound ('cc', 9, 51) 44
  unbound ('cc', 9, 51) 46
  unbound ('cc', 9, 51) 48
  unbound ('cc', 9, 51) 52
  unbound ('cc', 9, 51) 53
  unbound ('cc', 9, 51) 54
  unbound ('cc', 9, 51) 55
  unbound ('cc', 9, 51) 57
  unbound ('cc', 9, 51) 59
  unbound ('cc', 9, 51) 61
  unbound ('cc', 9, 51) 63
  unbound ('cc', 9, 51) 67
  unbound ('cc', 9, 51) 71
  unbound ('cc', 9, 51) 75
  unbound ('cc', 9, 51) 77
  unbound ('cc', 9, 51) 79
  unbound ('cc', 9, 51) 81
  unbound ('cc', 9, 51) 83
  unbound ('cc', 9, 51) 85
  unbound ('cc', 9, 51) 87
  unbound ('cc', 9, 51) 89
  unbound ('cc', 9, 51) 91
  unbound ('cc', 9, 51) 93
  unbound ('cc', 9, 51) 97
  unbound ('cc', 9, 51) 101
  unbound ('cc', 9, 51) 105
  unbound ('cc', 9, 51) 109
  unbound ('cc', 9, 51) 113
  unbound ('cc', 9, 51) 117
  unbound ('cc', 9, 51) 119
  unbound ('cc', 9, 51) 121
  unbound ('cc', 9, 51) 123
  unbound ('cc', 9, 51) 125
  unbound ('cc', 9, 51) 127
  unbound ('cc', 9, 51) 126
  unbound ('cc', 9, 51) 125
  unbound ('cc', 9, 51) 124
  unbound ('cc', 9, 51) 123
  unbound ('cc', 9, 51) 121
  unbound ('cc', 9, 51) 119
  unbound ('cc', 9, 51) 117
  unbound ('cc', 9, 51) 113
  unbound ('cc', 9, 51) 109
  unbound ('cc', 9, 51) 105
  unbound ('cc', 9, 51) 101
  unbound ('cc', 9, 51) 97
  unbound ('cc', 9, 51) 95
  unbound ('cc', 9, 51) 93
  unbound ('cc', 9, 51) 91
  unbound ('cc', 9, 51) 89
  unbound ('cc', 9, 51) 87
  unbound ('cc', 9, 51) 85
  unbound ('cc', 9, 51) 83
  unbound ('cc', 9, 51) 81
  unbound ('cc', 9, 51) 79
  unbound ('cc', 9, 51) 77
  unbound ('cc', 9, 51) 75
  unbound ('cc', 9, 51) 73
  unbound ('cc', 9, 51) 71
  unbound ('cc', 9, 51) 70
  unbound ('cc', 9, 51) 69
  unbound ('cc', 9, 51) 68
  unbound ('cc', 9, 51) 66
  unbound ('cc', 9, 51) 64
  unbound ('cc', 9, 51) 62
  unbound ('cc', 9, 51) 60
  unbound ('cc', 9, 51) 58
  unbound ('cc', 9, 51) 54
  unbound ('cc', 9, 51) 50
  unbound ('cc', 9, 51) 46
  unbound ('cc', 9, 51) 42
  unbound ('cc', 9, 51) 38
  unbound ('cc', 9, 51) 34
  unbound ('cc', 9, 51) 30
  unbound ('cc', 9, 51) 26
  unbound ('cc', 9, 51) 22
  unbound ('cc', 9, 51) 18
  unbound ('cc', 9, 51) 14
  unbound ('cc', 9, 51) 10
  unbound ('cc', 9, 51) 6
  unbound ('cc', 9, 51) 2
  unbound ('cc', 9, 51) 0
  unbound ('cc', 9, 52) 86
  unbound ('cc', 9, 52) 87
  unbound ('cc', 9, 52) 88
  unbound ('cc', 9, 52) 89
  unbound ('cc', 9, 52) 91
  unbound ('cc', 9, 52) 93
  unbound ('cc', 9, 52) 95
  unbound ('cc', 9, 52) 97
  unbound ('cc', 9, 52) 99
  unbound ('cc', 9, 52) 101
  unbound ('cc', 9, 52) 103
  unbound ('cc', 9, 52) 105
  unbound ('cc', 9, 52) 107
  unbound ('cc', 9, 52) 109
  unbound ('cc', 9, 52) 111
  unbound ('cc', 9, 52) 113
  unbound ('cc', 9, 52) 115
  unbound ('cc', 9, 52) 117
  unbound ('cc', 9, 52) 118
  unbound ('cc', 9, 52) 117
  unbound ('cc', 9, 52) 116
  unbound ('cc', 9, 52) 115
  unbound ('cc', 9, 52) 113
  unbound ('cc', 9, 52) 112
  unbound ('cc', 9, 52) 110
  unbound ('cc', 9, 52) 108
  unbound ('cc', 9, 52) 106
  unbound ('cc', 9, 52) 104
  unbound ('cc', 9, 52) 102
  unbound ('cc', 9, 52) 100
  unbound ('cc', 9, 52) 98
  unbound ('cc', 9, 52) 96
  unbound ('cc', 9, 52) 94
  unbound ('cc', 9, 52) 92
  unbound ('cc', 9, 52) 90
  unbound ('cc', 9, 52) 86
  unbound ('cc', 9, 52) 84
  unbound ('cc', 9, 52) 82
  unbound ('cc', 9, 52) 80
  unbound ('cc', 9, 52) 78
  unbound ('cc', 9, 52) 77
  unbound ('cc', 9, 52) 78
  unbound ('cc', 9, 52) 79
  unbound ('cc', 9, 52) 80
  unbound ('cc', 9, 52) 82
  unbound ('cc', 9, 52) 84
  unbound ('cc', 9, 52) 86
  unbound ('cc', 9, 52) 88
  unbound ('cc', 9, 52) 90
  unbound ('cc', 9, 52) 92
  unbound ('cc', 9, 52) 94
  unbound ('cc', 9, 52) 96
  unbound ('cc', 9, 52) 98
  unbound ('cc', 9, 52) 100
  unbound ('cc', 9, 52) 102
  unbound ('cc', 9, 52) 104
  unbound ('cc', 9, 52) 106
  unbound ('cc', 9, 52) 108
  unbound ('cc', 9, 52) 110
  unbound ('cc', 9, 52) 112
  unbound ('cc', 9, 52) 114
  unbound ('cc', 9, 52) 116
  unbound ('cc', 9, 52) 118
  unbound ('cc', 9, 52) 119
  unbound ('cc', 9, 52) 120
  unbound ('cc', 9, 52) 121
  unbound ('cc', 9, 52) 122
  unbound ('cc', 9, 52) 124
  unbound ('cc', 9, 52) 123
  unbound ('cc', 9, 52) 122
  unbound ('cc', 9, 52) 121
  unbound ('cc', 9, 51) 1
  unbound ('cc', 9, 51) 2
  unbound ('cc', 9, 51) 3
  unbound ('cc', 9, 51) 4
  unbound ('cc', 9, 51) 6
  unbound ('cc', 9, 51) 8
  unbound ('cc', 9, 51) 9
  unbound ('cc', 9, 51) 10
  unbound ('cc', 9, 51) 11
  unbound ('cc', 9, 51) 12
  unbound ('cc', 9, 51) 13
  unbound ('cc', 9, 51) 15
  unbound ('cc', 9, 51) 17
  unbound ('cc', 9, 51) 19
  unbound ('cc', 9, 51) 21
  unbound ('cc', 9, 51) 23
  unbound ('cc', 9, 51) 25
  unbound ('cc', 9, 51) 27
  unbound ('cc', 9, 51) 29
  unbound ('cc', 9, 51) 31
  unbound ('cc', 9, 51) 33
  unbound ('cc', 9, 51) 35
  unbound ('cc', 9, 51) 37
  unbound ('cc', 9, 51) 39
  unbound ('cc', 9, 51) 41
  unbound ('cc', 9, 51) 43
  unbound ('cc', 9, 51) 45
  unbound ('cc', 9, 51) 47
  unbound ('cc', 9, 51) 46
  unbound ('cc', 9, 51) 45
  unbound ('cc', 9, 51) 44
  unbound ('cc', 9, 51) 42
  unbound ('cc', 9, 51) 40
  unbound ('cc', 9, 51) 38
  unbound ('cc', 9, 51) 36
  unbound ('cc', 9, 51) 34
  unbound ('cc', 9, 51) 32
  unbound ('cc', 9, 51) 30
  unbound ('cc', 9, 51) 28
  unbound ('cc', 9, 51) 26
  unbound ('cc', 9, 51) 24
  unbound ('cc', 9, 51) 22
  unbound ('cc', 9, 51) 20
  unbound ('cc', 9, 51) 18
  unbound ('cc', 9, 51) 16
  unbound ('cc', 9, 51) 14
  unbound ('cc', 9, 51) 12
  unbound ('cc', 9, 51) 10
  unbound ('cc', 9, 51) 9
  unbound ('cc', 9, 51) 8
  unbound ('cc', 9, 51) 6
  unbound ('cc', 9, 51) 5
  unbound ('cc', 9, 51) 4
  unbound ('cc', 9, 51) 2
  unbound ('cc', 9, 51) 0
  unbound ('cc', 9, 51) 1
  unbound ('cc', 9, 51) 2
  unbound ('cc', 9, 51) 3
  unbound ('cc', 9, 51) 5
  unbound ('cc', 9, 51) 7
  unbound ('cc', 9, 51) 9
  unbound ('cc', 9, 51) 11
  unbound ('cc', 9, 51) 13
  unbound ('cc', 9, 51) 15
  unbound ('cc', 9, 51) 17
  unbound ('cc', 9, 51) 18
  unbound ('cc', 9, 51) 19
  unbound ('cc', 9, 51) 20
  unbound ('cc', 9, 51) 22
  unbound ('cc', 9, 51) 24
  unbound ('cc', 9, 51) 26
  unbound ('cc', 9, 51) 28
  unbound ('cc', 9, 51) 30
  unbound ('cc', 9, 51) 31
  unbound ('cc', 9, 51) 32
  unbound ('cc', 9, 51) 34
  unbound ('cc', 9, 51) 35
  unbound ('cc', 9, 51) 36
  unbound ('cc', 9, 51) 37
  unbound ('cc', 9, 51) 39
  unbound ('cc', 9, 51) 38
  unbound ('cc', 9, 51) 37
  unbound ('cc', 9, 51) 36
  unbound ('cc', 9, 51) 35
  unbound ('cc', 9, 51) 34
  unbound ('cc', 9, 51) 33
  unbound ('cc', 9, 51) 32
  unbound ('cc', 9, 51) 31
  unbound ('cc', 9, 51) 30
  unbound ('cc', 9, 51) 29
  unbound ('cc', 9, 51) 28
  unbound ('cc', 9, 51) 27
  unbound ('cc', 9, 51) 26
  unbound ('cc', 9, 51) 25
  unbound ('cc', 9, 51) 24
  unbound ('cc', 9, 51) 23
  unbound ('cc', 9, 51) 22
  unbound ('cc', 9, 51) 21
  unbound ('cc', 9, 51) 20
  unbound ('cc', 9, 51) 19
  unbound ('cc', 9, 51) 17
  unbound ('cc', 9, 51) 15
  unbound ('cc', 9, 51) 13
  unbound ('cc', 9, 51) 11
  unbound ('cc', 9, 51) 9
  unbound ('cc', 9, 51) 7
  unbound ('cc', 9, 51) 5
  unbound ('cc', 9, 51) 4
  unbound ('cc', 9, 51) 3
  unbound ('cc', 9, 51) 2
  unbound ('cc', 9, 51) 1
  unbound ('cc', 9, 51) 0
  unbound ('cc', 9, 51) 1
  unbound ('cc', 9, 51) 2
  unbound ('cc', 9, 51) 4
  unbound ('cc', 9, 51) 5
  unbound ('cc', 9, 51) 7
  unbound ('cc', 9, 51) 8
  unbound ('cc', 9, 51) 9
  unbound ('cc', 9, 51) 10
  unbound ('cc', 9, 51) 11
  unbound ('cc', 9, 51) 12
  unbound ('cc', 9, 51) 13
  unbound ('cc', 9, 51) 14
  unbound ('cc', 9, 51) 15
  unbound ('cc', 9, 51) 16
  unbound ('cc', 9, 51) 17
  unbound ('cc', 9, 51) 19
  unbound ('cc', 9, 51) 21
  unbound ('cc', 9, 51) 23
  unbound ('cc', 9, 51) 25
  unbound ('cc', 9, 51) 27
  unbound ('cc', 9, 51) 29
  unbound ('cc', 9, 51) 31
  unbound ('cc', 9, 51) 33
  unbound ('cc', 9, 51) 35
  unbound ('cc', 9, 51) 37
  unbound ('cc', 9, 51) 39
  unbound ('cc', 9, 51) 41
  unbound ('cc', 9, 51) 43
  unbound ('cc', 9, 51) 45
  unbound ('cc', 9, 51) 47
  unbound ('cc', 9, 51) 49
  unbound ('cc', 9, 51) 51
  unbound ('cc', 9, 51) 53
  unbound ('cc', 9, 51) 55
  unbound ('cc', 9, 51) 57
  unbound ('cc', 9, 51) 59
  unbound ('cc', 9, 51) 61
  unbound ('cc', 9, 51) 63
  unbound ('cc', 9, 51) 65
  unbound ('cc', 9, 51) 67
  unbound ('cc', 9, 51) 69
  unbound ('cc', 9, 51) 70
  unbound ('cc', 9, 51) 71
  unbound ('cc', 9, 51) 72
  unbound ('cc', 9, 51) 73
  unbound ('cc', 9, 51) 75
  unbound ('cc', 9, 51) 76
  unbound ('cc', 9, 51) 77
  unbound ('cc', 9, 51) 79
  unbound ('cc', 9, 51) 80
  unbound ('cc', 9, 51) 82
  unbound ('cc', 9, 51) 84
  unbound ('cc', 9, 51) 86
  unbound ('cc', 9, 51) 88
  unbound ('cc', 9, 51) 90
  unbound ('cc', 9, 51) 92
  unbound ('cc', 9, 51) 94
  unbound ('cc', 9, 51) 96
  unbound ('cc', 9, 51) 98
  unbound ('cc', 9, 51) 100
  unbound ('cc', 9, 51) 102
  unbound ('cc', 9, 51) 104
  unbound ('cc', 9, 51) 106
  unbound ('cc', 9, 51) 108
  unbound ('cc', 9, 51) 110
  unbound ('cc', 9, 51) 112
  unbound ('cc', 9, 51) 114
  unbound ('cc', 9, 51) 115
  unbound ('cc', 9, 51) 116
  unbound ('cc', 9, 51) 117
  unbound ('cc', 9, 51) 118
  unbound ('cc', 9, 51) 119
  unbound ('cc', 9, 51) 121
  unbound ('cc', 9, 51) 122
  unbound ('cc', 9, 51) 123
  unbound ('cc', 9, 51) 124
  unbound ('cc', 9, 51) 125
  unbound ('cc', 9, 51) 127
  unbound ('cc', 9, 51) 126
  unbound ('cc', 9, 51) 125
  unbound ('cc', 9, 51) 124
  unbound ('cc', 9, 51) 122
  unbound ('cc', 9, 51) 120
  unbound ('cc', 9, 51) 118
  unbound ('cc', 9, 51) 116
  unbound ('cc', 9, 51) 114
  unbound ('cc', 9, 51) 112
  unbound ('cc', 9, 51) 110
  unbound ('cc', 9, 51) 108
  unbound ('cc', 9, 51) 106
  unbound ('cc', 9, 51) 105
  unbound ('cc', 9, 51) 104
  unbound ('cc', 9, 51) 103
  unbound ('cc', 9, 51) 101
  unbound ('cc', 9, 51) 100
  unbound ('cc', 9, 51) 99
  unbound ('cc', 9, 51) 97
  unbound ('cc', 9, 51) 96
  unbound ('cc', 9, 51) 95
  unbound ('cc', 9, 51) 93
  unbound ('cc', 9, 51) 91
  unbound ('cc', 9, 51) 89
  unbound ('cc', 9, 51) 87
  unbound ('cc', 9, 51) 85
  unbound ('cc', 9, 51) 83
  unbound ('cc', 9, 51) 81
  unbound ('cc', 9, 51) 80
  unbound ('cc', 9, 51) 79
  unbound ('cc', 9, 51) 78
  unbound ('cc', 9, 51) 76
  unbound ('cc', 9, 51) 74
  unbound ('cc', 9, 51) 73
  unbound ('cc', 9, 51) 71
  unbound ('cc', 9, 51) 69
  unbound ('cc', 9, 51) 67
  unbound ('cc', 9, 51) 65
  unbound ('cc', 9, 51) 63
  unbound ('cc', 9, 51) 61
  unbound ('cc', 9, 51) 59
  unbound ('cc', 9, 51) 57
  unbound ('cc', 9, 51) 55
  unbound ('cc', 9, 51) 53
  unbound ('cc', 9, 51) 51
  unbound ('cc', 9, 51) 49
  unbound ('cc', 9, 51) 47
  unbound ('cc', 9, 51) 45
  unbound ('cc', 9, 51) 43
  unbound ('cc', 9, 51) 41
  unbound ('cc', 9, 51) 39
  unbound ('cc', 9, 51) 37
  unbound ('cc', 9, 51) 35
  unbound ('cc', 9, 51) 33
  unbound ('cc', 9, 51) 31
  unbound ('cc', 9, 51) 29
  unbound ('cc', 9, 51) 27
  unbound ('cc', 9, 51) 25
  unbound ('cc', 9, 51) 24
  unbound ('cc', 9, 51) 23
  unbound ('cc', 9, 51) 22
  unbound ('cc', 9, 51) 20
  unbound ('cc', 9, 51) 19
  unbound ('cc', 9, 51) 17
  unbound ('cc', 9, 51) 15
  unbound ('cc', 9, 51) 13
  unbound ('cc', 9, 51) 11
  unbound ('cc', 9, 51) 9
  unbound ('cc', 9, 51) 7
  unbound ('cc', 9, 51) 5
  unbound ('cc', 9, 51) 3
  unbound ('cc', 9, 51) 1
  unbound ('cc', 9, 51) 0
  unbound ('cc', 9, 51) 1
  unbound ('cc', 9, 51) 2
  unbound ('cc', 9, 51) 3
  unbound ('cc', 9, 51) 4
  unbound ('cc', 9, 51) 6
  unbound ('cc', 9, 51) 8
  unbound ('cc', 9, 51) 10
  unbound ('cc', 9, 51) 12
  unbound ('cc', 9, 51) 14
  unbound ('cc', 9, 51) 16
  unbound ('cc', 9, 51) 18
  unbound ('cc', 9, 51) 20
  unbound ('cc', 9, 51) 22
  unbound ('cc', 9, 51) 24
  unbound ('cc', 9, 51) 26
  unbound ('cc', 9, 51) 28
  unbound ('cc', 9, 51) 30
  unbound ('cc', 9, 51) 32
  unbound ('cc', 9, 51) 34
  unbound ('cc', 9, 51) 36
  unbound ('cc', 9, 51) 38
  unbound ('cc', 9, 51) 40
  unbound ('cc', 9, 51) 42
  unbound ('cc', 9, 51) 44
  unbound ('cc', 9, 51) 46
  unbound ('cc', 9, 51) 48
  unbound ('cc', 9, 51) 50
  unbound ('cc', 9, 51) 52
  unbound ('cc', 9, 51) 54
  unbound ('cc', 9, 51) 56
  unbound ('cc', 9, 51) 58
  unbound ('cc', 9, 51) 60
  unbound ('cc', 9, 51) 62
  unbound ('cc', 9, 51) 64
  unbound ('cc', 9, 51) 66
  unbound ('cc', 9, 51) 68
  unbound ('cc', 9, 51) 69
  unbound ('cc', 9, 51) 68
  unbound ('cc', 9, 51) 67
  unbound ('cc', 9, 51) 66
  unbound ('cc', 9, 51) 65
  unbound ('cc', 9, 51) 63
  unbound ('cc', 9, 51) 61
  unbound ('cc', 9, 51) 59
  unbound ('cc', 9, 51) 57
  unbound ('cc', 9, 51) 55
  unbound ('cc', 9, 51) 53
  unbound ('cc', 9, 51) 51
  unbound ('cc', 9, 51) 49
  unbound ('cc', 9, 51) 47
  unbound ('cc', 9, 51) 45
  unbound ('cc', 9, 51) 43
  unbound ('cc', 9, 51) 41
  unbound ('cc', 9, 51) 39
  unbound ('cc', 9, 51) 37
  unbound ('cc', 9, 51) 35
  unbound ('cc', 9, 51) 33
  unbound ('cc', 9, 51) 31
  unbound ('cc', 9, 51) 29
  unbound ('cc', 9, 51) 27
  unbound ('cc', 9, 51) 25
  unbound ('cc', 9, 51) 23
  unbound ('cc', 9, 51) 21
  unbound ('cc', 9, 51) 19
  unbound ('cc', 9, 51) 17
  unbound ('cc', 9, 51) 15
  unbound ('cc', 9, 51) 13
  unbound ('cc', 9, 51) 11
  unbound ('cc', 9, 51) 9
  unbound ('cc', 9, 51) 7
  unbound ('cc', 9, 51) 5
  unbound ('cc', 9, 51) 3
  unbound ('cc', 9, 51) 2
  unbound ('cc', 9, 51) 1
  unbound ('cc', 9, 51) 0
  unbound ('cc', 9, 51) 1
  unbound ('cc', 9, 51) 2
  unbound ('cc', 9, 51) 3
  unbound ('cc', 9, 51) 4
  unbound ('cc', 9, 51) 6
  unbound ('cc', 9, 51) 8
  unbound ('cc', 9, 51) 10
  unbound ('cc', 9, 51) 12
  unbound ('cc', 9, 51) 14
  unbound ('cc', 9, 51) 16
  unbound ('cc', 9, 51) 18
  unbound ('cc', 9, 51) 19
  unbound ('cc', 9, 51) 20
  unbound ('cc', 9, 51) 19
  unbound ('cc', 9, 51) 18
  unbound ('cc', 9, 51) 17
  unbound ('cc', 9, 51) 16
  unbound ('cc', 9, 51) 12
  unbound ('cc', 9, 51) 8
  unbound ('cc', 9, 51) 4
  unbound ('cc', 9, 51) 0
  unbound ('cc', 9, 51) 1
  unbound ('cc', 9, 51) 2
  unbound ('cc', 9, 51) 4
  unbound ('cc', 9, 51) 5
  unbound ('cc', 9, 51) 7
  unbound ('cc', 9, 51) 9
  unbound ('cc', 9, 51) 11
  unbound ('cc', 9, 51) 13
  unbound ('cc', 9, 51) 15
  unbound ('cc', 9, 51) 17
  unbound ('cc', 9, 51) 19
  unbound ('cc', 9, 51) 21
  unbound ('cc', 9, 51) 23
  unbound ('cc', 9, 51) 25
  unbound ('cc', 9, 51) 27
  unbound ('cc', 9, 51) 29
  unbound ('cc', 9, 51) 31
  unbound ('cc', 9, 51) 33
  unbound ('cc', 9, 51) 35
  unbound ('cc', 9, 51) 37
  unbound ('cc', 9, 51) 39
  unbound ('cc', 9, 51) 41
  unbound ('cc', 9, 51) 43
  unbound ('cc', 9, 51) 45
  unbound ('cc', 9, 51) 47
  unbound ('cc', 9, 51) 49
  unbound ('cc', 9, 51) 51
  unbound ('cc', 9, 51) 53
  unbound ('cc', 9, 51) 55
  unbound ('cc', 9, 51) 57
  unbound ('cc', 9, 51) 59
  unbound ('cc', 9, 51) 61
  unbound ('cc', 9, 51) 63
  unbound ('cc', 9, 51) 65
  unbound ('cc', 9, 51) 67
  unbound ('cc', 9, 51) 69
  unbound ('cc', 9, 51) 71
  unbound ('cc', 9, 51) 70
  unbound ('cc', 9, 51) 69
  unbound ('cc', 9, 51) 68
  unbound ('cc', 9, 51) 67
  unbound ('cc', 9, 51) 65
  unbound ('cc', 9, 51) 63
  unbound ('cc', 9, 51) 61
  unbound ('cc', 9, 51) 59
  unbound ('cc', 9, 51) 57
  unbound ('cc', 9, 51) 55
  unbound ('cc', 9, 51) 53
  unbound ('cc', 9, 51) 51
  unbound ('cc', 9, 51) 49
  unbound ('cc', 9, 51) 47
  unbound ('cc', 9, 51) 45
  unbound ('cc', 9, 51) 43
  unbound ('cc', 9, 51) 41
  unbound ('cc', 9, 51) 39
  unbound ('cc', 9, 51) 37
  unbound ('cc', 9, 51) 35
  unbound ('cc', 9, 51) 33
  unbound ('cc', 9, 51) 31
  unbound ('cc', 9, 51) 29
  unbound ('cc', 9, 51) 27
  unbound ('cc', 9, 51) 25
  unbound ('cc', 9, 51) 23
  unbound ('cc', 9, 51) 21
  unbound ('cc', 9, 51) 19
  unbound ('cc', 9, 51) 17
  unbound ('cc', 9, 51) 15
  unbound ('cc', 9, 51) 13
  unbound ('cc', 9, 51) 11
  unbound ('cc', 9, 51) 9
  unbound ('cc', 9, 51) 7
  unbound ('cc', 9, 51) 5
  unbound ('cc', 9, 51) 3
  unbound ('cc', 9, 51) 1
  unbound ('cc', 9, 51) 0
  unbound ('cc', 9, 51) 1
  unbound ('cc', 9, 51) 2
  unbound ('cc', 9, 51) 3
  unbound ('cc', 9, 51) 5
  unbound ('cc', 9, 51) 6
  unbound ('cc', 9, 51) 7
  unbound ('cc', 9, 51) 9
  unbound ('cc', 9, 51) 11
  unbound ('cc', 9, 51) 13
  unbound ('cc', 9, 51) 15
  unbound ('cc', 9, 51) 17
  unbound ('cc', 9, 51) 19
  unbound ('cc', 9, 51) 21
  unbound ('cc', 9, 51) 23
  unbound ('cc', 9, 51) 25
  unbound ('cc', 9, 51) 27
  unbound ('cc', 9, 51) 29
  unbound ('cc', 9, 51) 31
  unbound ('cc', 9, 51) 33
  unbound ('cc', 9, 51) 35
  unbound ('cc', 9, 51) 34
  unbound ('cc', 9, 51) 33
  unbound ('cc', 9, 51) 32
  unbound ('cc', 9, 51) 31
  unbound ('cc', 9, 51) 29
  unbound ('cc', 9, 51) 27
  unbound ('cc', 9, 51) 25
  unbound ('cc', 9, 51) 23
  unbound ('cc', 9, 51) 21
  unbound ('cc', 9, 51) 19
  unbound ('cc', 9, 51) 17
  unbound ('cc', 9, 51) 16
  unbound ('cc', 9, 51) 14
  unbound ('cc', 9, 51) 13
  unbound ('cc', 9, 51) 12
  unbound ('cc', 9, 51) 13
  unbound ('cc', 9, 51) 14
  unbound ('cc', 9, 51) 15
  unbound ('cc', 9, 51) 16
  unbound ('cc', 9, 51) 18
  unbound ('cc', 9, 51) 20
  unbound ('cc', 9, 51) 22
  unbound ('cc', 9, 51) 26
  unbound ('cc', 9, 51) 30
  unbound ('cc', 9, 51) 34
  unbound ('cc', 9, 51) 38
  unbound ('cc', 9, 51) 42
  unbound ('cc', 9, 51) 46
  unbound ('cc', 9, 51) 50
  unbound ('cc', 9, 51) 54
  unbound ('cc', 9, 51) 58
  unbound ('cc', 9, 51) 60
  unbound ('cc', 9, 51) 62
  unbound ('cc', 9, 51) 64
  unbound ('cc', 9, 51) 66
  unbound ('cc', 9, 51) 68
  unbound ('cc', 9, 51) 70
  unbound ('cc', 9, 51) 72
  unbound ('cc', 9, 51) 74
  unbound ('cc', 9, 51) 76
  unbound ('cc', 9, 51) 78
  unbound ('cc', 9, 51) 80
  unbound ('cc', 9, 51) 81
  unbound ('cc', 9, 51) 80
  unbound ('cc', 9, 51) 79
  unbound ('cc', 9, 51) 75
  unbound ('cc', 9, 51) 74
  unbound ('cc', 9, 51) 73
  unbound ('cc', 9, 51) 71
  unbound ('cc', 9, 51) 70
  unbound ('cc', 9, 51) 69
  unbound ('cc', 9, 51) 68
  unbound ('cc', 9, 51) 67
  unbound ('cc', 9, 51) 66
  unbound ('cc', 9, 51) 64
  unbound ('cc', 9, 51) 62
  unbound ('cc', 9, 51) 60
  unbound ('cc', 9, 51) 58
  unbound ('cc', 9, 51) 56
  unbound ('cc', 9, 51) 54
  unbound ('cc', 9, 51) 52
  unbound ('cc', 9, 51) 50
  unbound ('cc', 9, 51) 48
  unbound ('cc', 9, 51) 46
  unbound ('cc', 9, 51) 44
  unbound ('cc', 9, 51) 42
  unbound ('cc', 9, 51) 41
  unbound ('cc', 9, 51) 40
  unbound ('cc', 9, 51) 39
  unbound ('cc', 9, 51) 37
  unbound ('cc', 9, 51) 35
  unbound ('cc', 9, 51) 33
  unbound ('cc', 9, 51) 31
  unbound ('cc', 9, 51) 29
  unbound ('cc', 9, 51) 25
  unbound ('cc', 9, 51) 21
  unbound ('cc', 9, 51) 17
  unbound ('cc', 9, 51) 13
  unbound ('cc', 9, 51) 11
  unbound ('cc', 9, 51) 9
  unbound ('cc', 9, 51) 7
  unbound ('cc', 9, 51) 5
  unbound ('cc', 9, 51) 3
  unbound ('cc', 9, 52) 122
  unbound ('cc', 9, 52) 123
  unbound ('cc', 9, 52) 124
  unbound ('cc', 9, 52) 125
  unbound ('cc', 9, 52) 127
  unbound ('cc', 9, 52) 126
  unbound ('cc', 9, 52) 125
  unbound ('cc', 9, 52) 124
  unbound ('cc', 9, 52) 122
  unbound ('cc', 9, 52) 120
  unbound ('cc', 9, 52) 118
  unbound ('cc', 9, 52) 116
  unbound ('cc', 9, 52) 114
  unbound ('cc', 9, 52) 112
  unbound ('cc', 9, 52) 111
  unbound ('cc', 9, 52) 110
  unbound ('cc', 9, 52) 108
  unbound ('cc', 9, 52) 109
  unbound ('cc', 9, 52) 110
  unbound ('cc', 9, 52) 111
  unbound ('cc', 9, 52) 112
  unbound ('cc', 9, 52) 114
  unbound ('cc', 9, 52) 116
  unbound ('cc', 9, 52) 118
  unbound ('cc', 9, 52) 120
  unbound ('cc', 9, 52) 122
  unbound ('cc', 9, 52) 124
  unbound ('cc', 9, 52) 126
  unbound ('cc', 9, 52) 127
  unbound ('cc', 9, 51) 2
  unbound ('cc', 9, 51) 1
  unbound ('cc', 9, 51) 0
  unbound ('cc', 9, 51) 1
  unbound ('cc', 9, 51) 2
  unbound ('cc', 9, 51) 3
  unbound ('cc', 9, 51) 4
  unbound ('cc', 9, 51) 6
  unbound ('cc', 9, 51) 8
  unbound ('cc', 9, 51) 10
  unbound ('cc', 9, 51) 14
  unbound ('cc', 9, 51) 16
  unbound ('cc', 9, 51) 20
  unbound ('cc', 9, 51) 24
  unbound ('cc', 9, 51) 28
  unbound ('cc', 9, 51) 32
  unbound ('cc', 9, 51) 36
  unbound ('cc', 9, 51) 38
  unbound ('cc', 9, 51) 40
  unbound ('cc', 9, 51) 42
  unbound ('cc', 9, 51) 44
  unbound ('cc', 9, 51) 46
  unbound ('cc', 9, 51) 47
  unbound ('cc', 9, 51) 48
  unbound ('cc', 9, 51) 50
  unbound ('cc', 9, 51) 51
  unbound ('cc', 9, 51) 53
  unbound ('cc', 9, 51) 54
  unbound ('cc', 9, 51) 55
  unbound ('cc', 9, 51) 56
  unbound ('cc', 9, 51) 57
  unbound ('cc', 9, 51) 59
  unbound ('cc', 9, 51) 60
  unbound ('cc', 9, 51) 61
  unbound ('cc', 9, 51) 63
  unbound ('cc', 9, 51) 64
  unbound ('cc', 9, 51) 65
  unbound ('cc', 9, 51) 67
  unbound ('cc', 9, 51) 69
  unbound ('cc', 9, 51) 71
  unbound ('cc', 9, 51) 72
  unbound ('cc', 9, 51) 71
  unbound ('cc', 9, 51) 70
  unbound ('cc', 9, 51) 69
  unbound ('cc', 9, 51) 68
  unbound ('cc', 9, 51) 66
  unbound ('cc', 9, 51) 64
  unbound ('cc', 9, 51) 62
  unbound ('cc', 9, 51) 60
  unbound ('cc', 9, 51) 58
  unbound ('cc', 9, 51) 56
  unbound ('cc', 9, 51) 54
  unbound ('cc', 9, 51) 52
  unbound ('cc', 9, 51) 50
  unbound ('cc', 9, 51) 48
  unbound ('cc', 9, 51) 46
  unbound ('cc', 9, 51) 44
  unbound ('cc', 9, 51) 42
  unbound ('cc', 9, 51) 40
  unbound ('cc', 9, 51) 38
  unbound ('cc', 9, 51) 36
  unbound ('cc', 9, 51) 34
  unbound ('cc', 9, 51) 32
  unbound ('cc', 9, 51) 30
  unbound ('cc', 9, 51) 28
  unbound ('cc', 9, 51) 27
  unbound ('cc', 9, 51) 26
  unbound ('cc', 9, 51) 25
  unbound ('cc', 9, 51) 24
  unbound ('cc', 9, 51) 22
  unbound ('cc', 9, 51) 20
  unbound ('cc', 9, 51) 18
  unbound ('cc', 9, 51) 16
  unbound ('cc', 9, 51) 14
  unbound ('cc', 9, 51) 12
  unbound ('cc', 9, 51) 10
  unbound ('cc', 9, 51) 8
  unbound ('cc', 9, 51) 6
  unbound ('cc', 9, 51) 4
  unbound ('cc', 9, 51) 2
  unbound ('cc', 9, 51) 0
  unbound ('cc', 9, 51) 1
  unbound ('cc', 9, 51) 2
  unbound ('cc', 9, 51) 3
  unbound ('cc', 9, 51) 4
  unbound ('cc', 9, 51) 6
  unbound ('cc', 9, 51) 8
  unbound ('cc', 9, 51) 10
  unbound ('cc', 9, 51) 12
  unbound ('cc', 9, 51) 16
  unbound ('cc', 9, 51) 20
  unbound ('cc', 9, 51) 24
  unbound ('cc', 9, 51) 28
  unbound ('cc', 9, 51) 32
  unbound ('cc', 9, 51) 36
  unbound ('cc', 9, 51) 40
  unbound ('cc', 9, 51) 44
  unbound ('cc', 9, 51) 48
  unbound ('cc', 9, 51) 52
  unbound ('cc', 9, 51) 54
  unbound ('cc', 9, 51) 56
  unbound ('cc', 9, 51) 58
  unbound ('cc', 9, 51) 60
  unbound ('cc', 9, 51) 62
  unbound ('cc', 9, 51) 64
  unbound ('cc', 9, 51) 65
  unbound ('cc', 9, 51) 66
  unbound ('cc', 9, 51) 67
  unbound ('cc', 9, 51) 69
  unbound ('cc', 9, 51) 71
  unbound ('cc', 9, 51) 73
  unbound ('cc', 9, 51) 75
  unbound ('cc', 9, 51) 77
  unbound ('cc', 9, 51) 79
  unbound ('cc', 9, 51) 81
  unbound ('cc', 9, 51) 83
  unbound ('cc', 9, 51) 85
  unbound ('cc', 9, 51) 87
  unbound ('cc', 9, 51) 89
  unbound ('cc', 9, 51) 91
  unbound ('cc', 9, 51) 93
  unbound ('cc', 9, 51) 95
  unbound ('cc', 9, 51) 97
  unbound ('cc', 9, 51) 99
  unbound ('cc', 9, 51) 101
  unbound ('cc', 9, 51) 103
  unbound ('cc', 9, 51) 104
  unbound ('cc', 9, 51) 105
  unbound ('cc', 9, 51) 107
  unbound ('cc', 9, 51) 108
  unbound ('cc', 9, 51) 110
  unbound ('cc', 9, 51) 112
  unbound ('cc', 9, 51) 114
  unbound ('cc', 9, 51) 116
  unbound ('cc', 9, 51) 118
  unbound ('cc', 9, 51) 122
  unbound ('cc', 9, 51) 126
  unbound ('cc', 9, 51) 127
  unbound ('cc', 9, 51) 126
  unbound ('cc', 9, 51) 125
  unbound ('cc', 9, 51) 123
  unbound ('cc', 9, 51) 122
  unbound ('cc', 9, 51) 120
  unbound ('cc', 9, 51) 118
  unbound ('cc', 9, 51) 116
  unbound ('cc', 9, 51) 114
  unbound ('cc', 9, 51) 112
  unbound ('cc', 9, 51) 110
  unbound ('cc', 9, 51) 108
  unbound ('cc', 9, 51) 106
  unbound ('cc', 9, 51) 104
  unbound ('cc', 9, 51) 102
  unbound ('cc', 9, 51) 101
  unbound ('cc', 9, 51) 100
  unbound ('cc', 9, 51) 99
  unbound ('cc', 9, 51) 98
  unbound ('cc', 9, 51) 97
  unbound ('cc', 9, 51) 96
  unbound ('cc', 9, 51) 94
  unbound ('cc', 9, 51) 93
  unbound ('cc', 9, 51) 92
  unbound ('cc', 9, 51) 90
  unbound ('cc', 9, 51) 89
  unbound ('cc', 9, 51) 88
  unbound ('cc', 9, 51) 87
  unbound ('cc', 9, 51) 85
  unbound ('cc', 9, 51) 84
  unbound ('cc', 9, 51) 83
  unbound ('cc', 9, 51) 81
  unbound ('cc', 9, 51) 79
  unbound ('cc', 9, 51) 75
  unbound ('cc', 9, 51) 73
  unbound ('cc', 9, 51) 69
  unbound ('cc', 9, 51) 65
  unbound ('cc', 9, 51) 61
  unbound ('cc', 9, 51) 57
  unbound ('cc', 9, 51) 53
  unbound ('cc', 9, 51) 49
  unbound ('cc', 9, 51) 45
  unbound ('cc', 9, 51) 41
  unbound ('cc', 9, 51) 37
  unbound ('cc', 9, 51) 33
  unbound ('cc', 9, 51) 29
  unbound ('cc', 9, 51) 25
  unbound ('cc', 9, 51) 21
  unbound ('cc', 9, 51) 17
  unbound ('cc', 9, 51) 13
  unbound ('cc', 9, 51) 9
  unbound ('cc', 9, 51) 5
  unbound ('cc', 9, 51) 1
  unbound ('cc', 9, 51) 0
  unbound ('cc', 9, 52) 126
  unbound ('cc', 9, 52) 125
  unbound ('cc', 9, 52) 124
  unbound ('cc', 9, 52) 123
  unbound ('cc', 9, 52) 121
  unbound ('cc', 9, 52) 119
  unbound ('cc', 9, 52) 117
  unbound ('cc', 9, 52) 113
  unbound ('cc', 9, 52) 109
  unbound ('cc', 9, 52) 105
  unbound ('cc', 9, 52) 101
  unbound ('cc', 9, 52) 97
  unbound ('cc', 9, 52) 93
  unbound ('cc', 9, 52) 89
  unbound ('cc', 9, 52) 85
  unbound ('cc', 9, 52) 81
  unbound ('cc', 9, 52) 77
  unbound ('cc', 9, 52) 75
  unbound ('cc', 9, 52) 73
  unbound ('cc', 9, 52) 71
  unbound ('cc', 9, 52) 70
  unbound ('cc', 9, 52) 69
  unbound ('cc', 9, 52) 68
  unbound ('cc', 9, 52) 67
  unbound ('cc', 9, 52) 63
  unbound ('cc', 9, 52) 61
  unbound ('cc', 9, 52) 57
  unbound ('cc', 9, 52) 53
  unbound ('cc', 9, 52) 49
  unbound ('cc', 9, 52) 45
  unbound ('cc', 9, 52) 41
  unbound ('cc', 9, 52) 37
  unbound ('cc', 9, 52) 33
  unbound ('cc', 9, 52) 29
  unbound ('cc', 9, 52) 25
  unbound ('cc', 9, 52) 21
  unbound ('cc', 9, 52) 17
  unbound ('cc', 9, 52) 13
  unbound ('cc', 9, 52) 9
  unbound ('cc', 9, 52) 5
  unbound ('cc', 9, 52) 1
  unbound ('cc', 9, 52) 0
  unbound ('cc', 9, 52) 1
  unbound ('cc', 9, 52) 2
  unbound ('cc', 9, 52) 3
  unbound ('cc', 9, 52) 5
  unbound ('cc', 9, 52) 6
  unbound ('cc', 9, 52) 7
  unbound ('cc', 9, 52) 9
  unbound ('cc', 9, 52) 10
  unbound ('cc', 9, 52) 11
  unbound ('cc', 9, 52) 13
  unbound ('cc', 9, 52) 14
  unbound ('cc', 9, 52) 15
  unbound ('cc', 9, 52) 17
  unbound ('cc', 9, 52) 18
  unbound ('cc', 9, 52) 19
  unbound ('cc', 9, 52) 20
  unbound ('cc', 9, 52) 21
  unbound ('cc', 9, 52) 22
  unbound ('cc', 9, 52) 24
  unbound ('cc', 9, 52) 26
  unbound ('cc', 9, 52) 28
  unbound ('cc', 9, 52) 30
  unbound ('cc', 9, 52) 32
  unbound ('cc', 9, 52) 34
  unbound ('cc', 9, 52) 36
  unbound ('cc', 9, 52) 38
  unbound ('cc', 9, 52) 40
  unbound ('cc', 9, 52) 42
  unbound ('cc', 9, 52) 44
  unbound ('cc', 9, 52) 46
  unbound ('cc', 9, 52) 48
  unbound ('cc', 9, 52) 50
  unbound ('cc', 9, 52) 52
  unbound ('cc', 9, 52) 54
  unbound ('cc', 9, 52) 56
  unbound ('cc', 9, 52) 57
  unbound ('cc', 9, 52) 58
  unbound ('cc', 9, 52) 59
  unbound ('cc', 9, 52) 60
  unbound ('cc', 9, 52) 62
  unbound ('cc', 9, 52) 64
  unbound ('cc', 9, 52) 66
  unbound ('cc', 9, 52) 68
  unbound ('cc', 9, 52) 70
  unbound ('cc', 9, 52) 72
  unbound ('cc', 9, 52) 74
  unbound ('cc', 9, 52) 76
  unbound ('cc', 9, 52) 78
  unbound ('cc', 9, 52) 79
  unbound ('cc', 9, 52) 80
  unbound ('cc', 9, 52) 81
  unbound ('cc', 9, 52) 82
  unbound ('cc', 9, 52) 84
  unbound ('cc', 9, 52) 85
  unbound ('cc', 9, 52) 86
  unbound ('cc', 9, 52) 87
  unbound ('cc', 9, 52) 88
  unbound ('cc', 9, 52) 90
  unbound ('cc', 9, 52) 92
  unbound ('cc', 9, 52) 94
  unbound ('cc', 9, 52) 96
  unbound ('cc', 9, 52) 98
  unbound ('cc', 9, 52) 100
  unbound ('cc', 9, 52) 102
  unbound ('cc', 9, 52) 104
  unbound ('cc', 9, 52) 103
  unbound ('cc', 9, 52) 102
  unbound ('cc', 9, 52) 101
  unbound ('cc', 9, 52) 100
  unbound ('cc', 9, 52) 98
  unbound ('cc', 9, 52) 97
  unbound ('cc', 9, 52) 95
  unbound ('cc', 9, 52) 91
  unbound ('cc', 9, 52) 89
  unbound ('cc', 9, 52) 87
  unbound ('cc', 9, 52) 85
  unbound ('cc', 9, 52) 83
  unbound ('cc', 9, 52) 81
  unbound ('cc', 9, 52) 80
  unbound ('cc', 9, 52) 79
  unbound ('cc', 9, 52) 78
  unbound ('cc', 9, 52) 77
  unbound ('cc', 9, 52) 75
  unbound ('cc', 9, 52) 74
  unbound ('cc', 9, 52) 73
  unbound ('cc', 9, 52) 72
  unbound ('cc', 9, 52) 71
  unbound ('cc', 9, 52) 69
  unbound ('cc', 9, 52) 67
  unbound ('cc', 9, 52) 65
  unbound ('cc', 9, 52) 63
  unbound ('cc', 9, 52) 61
  unbound ('cc', 9, 52) 59
  unbound ('cc', 9, 52) 57
  unbound ('cc', 9, 52) 55
  unbound ('cc', 9, 52) 53
  unbound ('cc', 9, 52) 51
  unbound ('cc', 9, 52) 49
  unbound ('cc', 9, 52) 47
  unbound ('cc', 9, 52) 45
  unbound ('cc', 9, 52) 43
  unbound ('cc', 9, 52) 41
  unbound ('cc', 9, 52) 40
  unbound ('cc', 9, 52) 39
  unbound ('cc', 9, 52) 40
  unbound ('cc', 9, 52) 41
  unbound ('cc', 9, 52) 42
  unbound ('cc', 9, 52) 43
  unbound ('cc', 9, 52) 45
  unbound ('cc', 9, 52) 47
  unbound ('cc', 9, 52) 49
  unbound ('cc', 9, 52) 51
  unbound ('cc', 9, 52) 53
  unbound ('cc', 9, 52) 55
  unbound ('cc', 9, 52) 57
  unbound ('cc', 9, 52) 59
  unbound ('cc', 9, 52) 61
  unbound ('cc', 9, 52) 63
  unbound ('cc', 9, 52) 65
  unbound ('cc', 9, 52) 67
  unbound ('cc', 9, 52) 69
  unbound ('cc', 9, 52) 71
  unbound ('cc', 9, 52) 73
  unbound ('cc', 9, 52) 75
  unbound ('cc', 9, 52) 77
  unbound ('cc', 9, 52) 79
  unbound ('cc', 9, 52) 80
  unbound ('cc', 9, 52) 81
  unbound ('cc', 9, 52) 82
  unbound ('cc', 9, 52) 83
  unbound ('cc', 9, 52) 84
  unbound ('cc', 9, 52) 88
  unbound ('cc', 9, 52) 92
  unbound ('cc', 9, 52) 96
  unbound ('cc', 9, 52) 100
  unbound ('cc', 9, 52) 104
  unbound ('cc', 9, 52) 108
  unbound ('cc', 9, 52) 112
  unbound ('cc', 9, 52) 120
  unbound ('cc', 9, 52) 124
  unbound ('cc', 9, 52) 127
  unbound ('cc', 9, 51) 1
  unbound ('cc', 9, 52) 126
  unbound ('cc', 9, 52) 125
  unbound ('cc', 9, 52) 124
  unbound ('cc', 9, 52) 123
  unbound ('cc', 9, 52) 119
  unbound ('cc', 9, 52) 115
  unbound ('cc', 9, 52) 111
  unbound ('cc', 9, 52) 107
  unbound ('cc', 9, 52) 103
  unbound ('cc', 9, 52) 99
  unbound ('cc', 9, 52) 95
  unbound ('cc', 9, 52) 91
  unbound ('cc', 9, 52) 87
  unbound ('cc', 9, 52) 83
  unbound ('cc', 9, 52) 79
  unbound ('cc', 9, 52) 75
  unbound ('cc', 9, 52) 71
  unbound ('cc', 9, 52) 67
  unbound ('cc', 9, 52) 63
  unbound ('cc', 9, 52) 59
  unbound ('cc', 9, 52) 55
  unbound ('cc', 9, 52) 51
  unbound ('cc', 9, 52) 47
  unbound ('cc', 9, 52) 43
  unbound ('cc', 9, 52) 39
  unbound ('cc', 9, 52) 35
  unbound ('cc', 9, 52) 33
  unbound ('cc', 9, 52) 31
  unbound ('cc', 9, 52) 30
  unbound ('cc', 9, 52) 29
  unbound ('cc', 9, 52) 28
  unbound ('cc', 9, 52) 24
  unbound ('cc', 9, 52) 20
  unbound ('cc', 9, 52) 16
  unbound ('cc', 9, 52) 12
  unbound ('cc', 9, 52) 8
  unbound ('cc', 9, 52) 4
  unbound ('cc', 9, 52) 0
  unbound ('cc', 9, 52) 1
  unbound ('cc', 9, 52) 2
  unbound ('cc', 9, 52) 3
  unbound ('cc', 9, 52) 4
  unbound ('cc', 9, 52) 8
  unbound ('cc', 9, 52) 12
  unbound ('cc', 9, 52) 16
  unbound ('cc', 9, 52) 20
  unbound ('cc', 9, 52) 24
  unbound ('cc', 9, 52) 28
  unbound ('cc', 9, 52) 32
  unbound ('cc', 9, 52) 36
  unbound ('cc', 9, 52) 40
  unbound ('cc', 9, 52) 44
  unbound ('cc', 9, 52) 48
  unbound ('cc', 9, 52) 52
  unbound ('cc', 9, 52) 56
  unbound ('cc', 9, 52) 60
  unbound ('cc', 9, 52) 64
  unbound ('cc', 9, 52) 68
  unbound ('cc', 9, 52) 72
  unbound ('cc', 9, 52) 76
  unbound ('cc', 9, 52) 78
  unbound ('cc', 9, 52) 80
  unbound ('cc', 9, 52) 81
  unbound ('cc', 9, 52) 82
  unbound ('cc', 9, 52) 84
  unbound ('cc', 9, 52) 86
  unbound ('cc', 9, 52) 88
  unbound ('cc', 9, 52) 90
  unbound ('cc', 9, 52) 92
  unbound ('cc', 9, 52) 94
  unbound ('cc', 9, 52) 98
  unbound ('cc', 9, 52) 102
  unbound ('cc', 9, 52) 106
  unbound ('cc', 9, 52) 110
  unbound ('cc', 9, 52) 114
  unbound ('cc', 9, 52) 118
  unbound ('cc', 9, 52) 122
  unbound ('cc', 9, 52) 126
  unbound ('cc', 9, 52) 127
  unbound ('cc', 9, 51) 0
  unbound ('cc', 9, 51) 1
  unbound ('cc', 9, 51) 2
  unbound ('cc', 9, 51) 3
  unbound ('cc', 9, 51) 4
  unbound ('cc', 9, 51) 6
  unbound ('cc', 9, 51) 8
  unbound ('cc', 9, 51) 10
  unbound ('cc', 9, 51) 12
  unbound ('cc', 9, 51) 14
  unbound ('cc', 9, 51) 16
  unbound ('cc', 9, 51) 18
  unbound ('cc', 9, 51) 20
  unbound ('cc', 9, 51) 22
  unbound ('cc', 9, 51) 24
  unbound ('cc', 9, 51) 26
  unbound ('cc', 9, 51) 28
  unbound ('cc', 9, 51) 30
  unbound ('cc', 9, 51) 32
  unbound ('cc', 9, 51) 34
  unbound ('cc', 9, 51) 36
  unbound ('cc', 9, 51) 38
  unbound ('cc', 9, 51) 40
  unbound ('cc', 9, 51) 42
  unbound ('cc', 9, 51) 41
  unbound ('cc', 9, 51) 40
  unbound ('cc', 9, 51) 39
  unbound ('cc', 9, 51) 38
  unbound ('cc', 9, 51) 36
  unbound ('cc', 9, 51) 35
  unbound ('cc', 9, 51) 34
  unbound ('cc', 9, 51) 33
  unbound ('cc', 9, 51) 32
  unbound ('cc', 9, 51) 30
  unbound ('cc', 9, 51) 28
  unbound ('cc', 9, 51) 26
  unbound ('cc', 9, 51) 24
  unbound ('cc', 9, 51) 22
  unbound ('cc', 9, 51) 20
  unbound ('cc', 9, 51) 18
  unbound ('cc', 9, 51) 16
  unbound ('cc', 9, 51) 14
  unbound ('cc', 9, 51) 12
  unbound ('cc', 9, 51) 10
  unbound ('cc', 9, 51) 8
  unbound ('cc', 9, 51) 6
  unbound ('cc', 9, 51) 4
  unbound ('cc', 9, 51) 2
  unbound ('cc', 9, 51) 0
  unbound ('cc', 9, 51) 1
  unbound ('cc', 9, 51) 2
  unbound ('cc', 9, 51) 3
  unbound ('cc', 9, 51) 4
  unbound ('cc', 9, 51) 6
  unbound ('cc', 9, 51) 8
  unbound ('cc', 9, 51) 10
  unbound ('cc', 9, 51) 12
  unbound ('cc', 9, 51) 14
  unbound ('cc', 9, 51) 16
  unbound ('cc', 9, 51) 18
  unbound ('cc', 9, 51) 20
  unbound ('cc', 9, 51) 22
  unbound ('cc', 9, 51) 24
  unbound ('cc', 9, 51) 26
  unbound ('cc', 9, 51) 28
  unbound ('cc', 9, 51) 30
  unbound ('cc', 9, 51) 32
  unbound ('cc', 9, 51) 34
  unbound ('cc', 9, 51) 35
  unbound ('cc', 9, 52) 126
  unbound ('cc', 9, 52) 125
  unbound ('cc', 9, 52) 124
  unbound ('cc', 9, 52) 123
  unbound ('cc', 9, 52) 121
  unbound ('cc', 9, 52) 119
  unbound ('cc', 9, 52) 118
  unbound ('cc', 9, 52) 117
  unbound ('cc', 9, 52) 116
  unbound ('cc', 9, 52) 115
  unbound ('cc', 9, 52) 114
  unbound ('cc', 9, 52) 112
  unbound ('cc', 9, 52) 113
  unbound ('cc', 9, 52) 114
  unbound ('cc', 9, 52) 115
  unbound ('cc', 9, 52) 117
  unbound ('cc', 9, 52) 119
  unbound ('cc', 9, 52) 121
  unbound ('cc', 9, 52) 123
  unbound ('cc', 9, 52) 125
  unbound ('cc', 9, 52) 127
  unbound ('cc', 9, 51) 34
  unbound ('cc', 9, 51) 33
  unbound ('cc', 9, 51) 32
  unbound ('cc', 9, 51) 31
  unbound ('cc', 9, 51) 29
  unbound ('cc', 9, 51) 27
  unbound ('cc', 9, 51) 25
  unbound ('cc', 9, 51) 23
  unbound ('cc', 9, 51) 21
  unbound ('cc', 9, 51) 22
  unbound ('cc', 9, 51) 23
  unbound ('cc', 9, 51) 24
  unbound ('cc', 9, 51) 25
  unbound ('cc', 9, 51) 27
  unbound ('cc', 9, 51) 29
  unbound ('cc', 9, 51) 31
  unbound ('cc', 9, 51) 33
  unbound ('cc', 9, 51) 35
  unbound ('cc', 9, 51) 37
  unbound ('cc', 9, 51) 38
  unbound ('cc', 9, 51) 39
  unbound ('cc', 9, 51) 40
  unbound ('cc', 9, 51) 41
  unbound ('cc', 9, 51) 42
  unbound ('cc', 9, 51) 43
  unbound ('cc', 9, 51) 45
  unbound ('cc', 9, 51) 47
  unbound ('cc', 9, 51) 49
  unbound ('cc', 9, 51) 53
  unbound ('cc', 9, 51) 57
  unbound ('cc', 9, 51) 61
  unbound ('cc', 9, 51) 65
  unbound ('cc', 9, 51) 69
  unbound ('cc', 9, 51) 73
  unbound ('cc', 9, 51) 77
  unbound ('cc', 9, 51) 81
  unbound ('cc', 9, 51) 85
  unbound ('cc', 9, 51) 89
  unbound ('cc', 9, 51) 93
  unbound ('cc', 9, 51) 97
  unbound ('cc', 9, 51) 99
  unbound ('cc', 9, 51) 103
  unbound ('cc', 9, 51) 105
  unbound ('cc', 9, 51) 107
  unbound ('cc', 9, 51) 111
  unbound ('cc', 9, 51) 113
  unbound ('cc', 9, 51) 115
  unbound ('cc', 9, 51) 117
  unbound ('cc', 9, 51) 119
  unbound ('cc', 9, 51) 121
  unbound ('cc', 9, 51) 120
  unbound ('cc', 9, 51) 119
  unbound ('cc', 9, 51) 118
  unbound ('cc', 9, 51) 117
  unbound ('cc', 9, 51) 115
  unbound ('cc', 9, 51) 113
  unbound ('cc', 9, 51) 111
  unbound ('cc', 9, 51) 109
  unbound ('cc', 9, 51) 107
  unbound ('cc', 9, 51) 105
  unbound ('cc', 9, 51) 103
  unbound ('cc', 9, 51) 101
  unbound ('cc', 9, 51) 99
  unbound ('cc', 9, 51) 97
  unbound ('cc', 9, 51) 95
  unbound ('cc', 9, 51) 93
  unbound ('cc', 9, 51) 91
  unbound ('cc', 9, 51) 89
  unbound ('cc', 9, 51) 87
  unbound ('cc', 9, 51) 85
  unbound ('cc', 9, 51) 83
  unbound ('cc', 9, 51) 81
  unbound ('cc', 9, 51) 79
  unbound ('cc', 9, 51) 77
  unbound ('cc', 9, 51) 75
  unbound ('cc', 9, 51) 76
  unbound ('cc', 9, 51) 77
  unbound ('cc', 9, 51) 78
  unbound ('cc', 9, 51) 79
  unbound ('cc', 9, 51) 81
  unbound ('cc', 9, 51) 83
  unbound ('cc', 9, 51) 85
  unbound ('cc', 9, 51) 87
  unbound ('cc', 9, 51) 89
  unbound ('cc', 9, 51) 91
  unbound ('cc', 9, 51) 93
  unbound ('cc', 9, 51) 95
  unbound ('cc', 9, 51) 97
  unbound ('cc', 9, 51) 99
  unbound ('cc', 9, 51) 101
  unbound ('cc', 9, 51) 103
  unbound ('cc', 9, 51) 105
  unbound ('cc', 9, 51) 104
  unbound ('cc', 9, 51) 103
  unbound ('cc', 9, 51) 102
  unbound ('cc', 9, 51) 100
  unbound ('cc', 9, 51) 98
  unbound ('cc', 9, 51) 96
  unbound ('cc', 9, 51) 94
  unbound ('cc', 9, 51) 92
  unbound ('cc', 9, 51) 93
  unbound ('cc', 9, 51) 94
  unbound ('cc', 9, 51) 95
  unbound ('cc', 9, 51) 96
  unbound ('cc', 9, 51) 98
  unbound ('cc', 9, 51) 100
  unbound ('cc', 9, 51) 102
  unbound ('cc', 9, 51) 104
  unbound ('cc', 9, 51) 106
  unbound ('cc', 9, 51) 108
  unbound ('cc', 9, 51) 110
  unbound ('cc', 9, 51) 112
  unbound ('cc', 9, 51) 114
  unbound ('cc', 9, 51) 116
  unbound ('cc', 9, 51) 118
  unbound ('cc', 9, 51) 120
  unbound ('cc', 9, 51) 122
  unbound ('cc', 9, 51) 124
  unbound ('cc', 9, 51) 126
  unbound ('cc', 9, 51) 127
  unbound ('cc', 9, 51) 126
  unbound ('cc', 9, 51) 125
  unbound ('cc', 9, 51) 124
  unbound ('cc', 9, 52) 126
  unbound ('cc', 9, 52) 125
  unbound ('cc', 9, 51) 125
  unbound ('cc', 9, 51) 126
  unbound ('cc', 9, 51) 127
  unbound ('cc', 9, 51) 126
  unbound ('cc', 9, 51) 125
  unbound ('cc', 9, 51) 124
  unbound ('cc', 9, 51) 123
  unbound ('cc', 9, 51) 121
  unbound ('cc', 9, 51) 119
  unbound ('cc', 9, 51) 115
  unbound ('cc', 9, 51) 111
  unbound ('cc', 9, 51) 109
  unbound ('cc', 9, 51) 105
  unbound ('cc', 9, 51) 101
  unbound ('cc', 9, 51) 97
  unbound ('cc', 9, 51) 93
  unbound ('cc', 9, 51) 89
  unbound ('cc', 9, 51) 85
  unbound ('cc', 9, 51) 81
  unbound ('cc', 9, 51) 79
  unbound ('cc', 9, 51) 77
  unbound ('cc', 9, 51) 75
  unbound ('cc', 9, 51) 73
  unbound ('cc', 9, 51) 71
  unbound ('cc', 9, 51) 69
  unbound ('cc', 9, 51) 67
  unbound ('cc', 9, 51) 65
  unbound ('cc', 9, 51) 63
  unbound ('cc', 9, 51) 62
  unbound ('cc', 9, 51) 61
  unbound ('cc', 9, 51) 62
  unbound ('cc', 9, 51) 63
  unbound ('cc', 9, 51) 64
  unbound ('cc', 9, 51) 65
  unbound ('cc', 9, 51) 67
  unbound ('cc', 9, 51) 69
  unbound ('cc', 9, 51) 71
  unbound ('cc', 9, 51) 73
  unbound ('cc', 9, 51) 75
  unbound ('cc', 9, 51) 77
  unbound ('cc', 9, 51) 79
  unbound ('cc', 9, 51) 81
  unbound ('cc', 9, 51) 83
  unbound ('cc', 9, 51) 85
  unbound ('cc', 9, 51) 87
  unbound ('cc', 9, 51) 89
  unbound ('cc', 9, 51) 91
  unbound ('cc', 9, 51) 93
  unbound ('cc', 9, 51) 95
  unbound ('cc', 9, 51) 97
  unbound ('cc', 9, 51) 99
  unbound ('cc', 9, 51) 101
  unbound ('cc', 9, 51) 103
  unbound ('cc', 9, 51) 105
  unbound ('cc', 9, 51) 106
  unbound ('cc', 9, 51) 105
  unbound ('cc', 9, 51) 104
  unbound ('cc', 9, 51) 103
  unbound ('cc', 9, 51) 102
  unbound ('cc', 9, 51) 100
  unbound ('cc', 9, 51) 98
  unbound ('cc', 9, 51) 96
  unbound ('cc', 9, 51) 94
  unbound ('cc', 9, 51) 92
  unbound ('cc', 9, 51) 90
  unbound ('cc', 9, 51) 88
  unbound ('cc', 9, 51) 86
  unbound ('cc', 9, 51) 84
  unbound ('cc', 9, 51) 83
  unbound ('cc', 9, 51) 82
  unbound ('cc', 9, 51) 81
  unbound ('cc', 9, 51) 80
  unbound ('cc', 9, 52) 124
  unbound ('cc', 9, 52) 123
  unbound ('cc', 9, 52) 122
  unbound ('cc', 9, 52) 120
  unbound ('cc', 9, 52) 118
  unbound ('cc', 9, 52) 116
  unbound ('cc', 9, 52) 114
  unbound ('cc', 9, 52) 112
  unbound ('cc', 9, 52) 110
  unbound ('cc', 9, 52) 108
  unbound ('cc', 9, 52) 106
  unbound ('cc', 9, 52) 104
  unbound ('cc', 9, 52) 102
  unbound ('cc', 9, 52) 100
  unbound ('cc', 9, 52) 98
  unbound ('cc', 9, 52) 96
  unbound ('cc', 9, 52) 94
  unbound ('cc', 9, 52) 92
  unbound ('cc', 9, 52) 91
  unbound ('cc', 9, 52) 90
  unbound ('cc', 9, 52) 88
  unbound ('cc', 9, 52) 87
  unbound ('cc', 9, 52) 85
  unbound ('cc', 9, 52) 86
  unbound ('cc', 9, 51) 81
  unbound ('cc', 9, 51) 82
  unbound ('cc', 9, 51) 83
  unbound ('cc', 9, 51) 85
  unbound ('cc', 9, 51) 86
  unbound ('cc', 9, 51) 87
  unbound ('cc', 9, 51) 88
  unbound ('cc', 9, 51) 89
  unbound ('cc', 9, 51) 91
  unbound ('cc', 9, 51) 93
  unbound ('cc', 9, 51) 95
  unbound ('cc', 9, 51) 97
  unbound ('cc', 9, 51) 99
  unbound ('cc', 9, 51) 101
  unbound ('cc', 9, 51) 103
  unbound ('cc', 9, 51) 105
  unbound ('cc', 9, 51) 106
  unbound ('cc', 9, 51) 108
  unbound ('cc', 9, 51) 110
  unbound ('cc', 9, 51) 112
  unbound ('cc', 9, 51) 114
  unbound ('cc', 9, 51) 115
  unbound ('cc', 9, 52) 87
  unbound ('cc', 9, 52) 88
  unbound ('cc', 9, 52) 89
  unbound ('cc', 9, 52) 90
  unbound ('cc', 9, 52) 92
  unbound ('cc', 9, 52) 94
  unbound ('cc', 9, 52) 96
  unbound ('cc', 9, 52) 98
  unbound ('cc', 9, 52) 99
  unbound ('cc', 9, 51) 116
  unbound ('cc', 9, 51) 117
  unbound ('cc', 9, 51) 118
  unbound ('cc', 9, 51) 120
  unbound ('cc', 9, 51) 122
  unbound ('cc', 9, 51) 124
  unbound ('cc', 9, 51) 126
  unbound ('cc', 9, 51) 127
  unbound ('cc', 9, 51) 126
  unbound ('cc', 9, 51) 125
  unbound ('cc', 9, 51) 124
  unbound ('cc', 9, 51) 123
  unbound ('cc', 9, 51) 121
  unbound ('cc', 9, 51) 119
  unbound ('cc', 9, 51) 117
  unbound ('cc', 9, 51) 115
  unbound ('cc', 9, 51) 113
  unbound ('cc', 9, 51) 111
  unbound ('cc', 9, 51) 109
  unbound ('cc', 9, 51) 107
  unbound ('cc', 9, 51) 105
  unbound ('cc', 9, 51) 103
  unbound ('cc', 9, 51) 101
  unbound ('cc', 9, 51) 99
  unbound ('cc', 9, 51) 97
  unbound ('cc', 9, 51) 95
  unbound ('cc', 9, 51) 93
  unbound ('cc', 9, 51) 91
  unbound ('cc', 9, 51) 89
  unbound ('cc', 9, 51) 87
  unbound ('cc', 9, 51) 85
  unbound ('cc', 9, 51) 83
  unbound ('cc', 9, 51) 81
  unbound ('cc', 9, 51) 79
  unbound ('cc', 9, 51) 77
  unbound ('cc', 9, 51) 76
  unbound ('cc', 9, 51) 75
  unbound ('cc', 9, 51) 74
  unbound ('cc', 9, 51) 73
  unbound ('cc', 9, 51) 71
  unbound ('cc', 9, 51) 70
  unbound ('cc', 9, 51) 68
  unbound ('cc', 9, 51) 67
  unbound ('cc', 9, 51) 66
  unbound ('cc', 9, 51) 65
  unbound ('cc', 9, 51) 64
  unbound ('cc', 9, 51) 63
  unbound ('cc', 9, 51) 61
  unbound ('cc', 9, 51) 60
  unbound ('cc', 9, 51) 59
  unbound ('cc', 9, 51) 57
  unbound ('cc', 9, 51) 56
  unbound ('cc', 9, 51) 54
  unbound ('cc', 9, 51) 52
  unbound ('cc', 9, 51) 50
  unbound ('cc', 9, 51) 49
  unbound ('cc', 9, 51) 48
  unbound ('cc', 9, 52) 100
  unbound ('cc', 9, 52) 101
  unbound ('cc', 9, 52) 103
  unbound ('cc', 9, 52) 105
  unbound ('cc', 9, 52) 107
  unbound ('cc', 9, 52) 109
  unbound ('cc', 9, 52) 111
  unbound ('cc', 9, 52) 113
  unbound ('cc', 9, 52) 115
  unbound ('cc', 9, 52) 117
  unbound ('cc', 9, 52) 119
  unbound ('cc', 9, 52) 120
  unbound ('cc', 9, 52) 121
  unbound ('cc', 9, 51) 47
  unbound ('cc', 9, 51) 46
  unbound ('cc', 9, 51) 45
  unbound ('cc', 9, 51) 44
  unbound ('cc', 9, 51) 42
  unbound ('cc', 9, 51) 40
  unbound ('cc', 9, 51) 38
  unbound ('cc', 9, 51) 36
  unbound ('cc', 9, 51) 34
  unbound ('cc', 9, 51) 32
  unbound ('cc', 9, 51) 30
  unbound ('cc', 9, 51) 28
  unbound ('cc', 9, 51) 26
  unbound ('cc', 9, 51) 24
  unbound ('cc', 9, 51) 22
  unbound ('cc', 9, 51) 20
  unbound ('cc', 9, 51) 18
  unbound ('cc', 9, 51) 16
  unbound ('cc', 9, 51) 14
  unbound ('cc', 9, 51) 12
  unbound ('cc', 9, 51) 10
  unbound ('cc', 9, 51) 8
  unbound ('cc', 9, 51) 6
  unbound ('cc', 9, 51) 5
  unbound ('cc', 9, 51) 4
  unbound ('cc', 9, 51) 2
  unbound ('cc', 9, 51) 1
  unbound ('cc', 9, 51) 0
  unbound ('cc', 9, 51) 1
  unbound ('cc', 9, 51) 2
  unbound ('cc', 9, 51) 3
  unbound ('cc', 9, 51) 5
  unbound ('cc', 9, 51) 7
  unbound ('cc', 9, 51) 9
  unbound ('cc', 9, 51) 11
  unbound ('cc', 9, 51) 13
  unbound ('cc', 9, 51) 15
  unbound ('cc', 9, 51) 17
  unbound ('cc', 9, 51) 19
  unbound ('cc', 9, 51) 21
  unbound ('cc', 9, 51) 23
  unbound ('cc', 9, 51) 25
  unbound ('cc', 9, 51) 27
  unbound ('cc', 9, 51) 29
  unbound ('cc', 9, 51) 31
  unbound ('cc', 9, 51) 33
  unbound ('cc', 9, 51) 35
  unbound ('cc', 9, 51) 37
  unbound ('cc', 9, 51) 39
  unbound ('cc', 9, 51) 41
  unbound ('cc', 9, 51) 43
  unbound ('cc', 9, 51) 45
  unbound ('cc', 9, 51) 47
  unbound ('cc', 9, 51) 49
  unbound ('cc', 9, 51) 51
  unbound ('cc', 9, 51) 53
  unbound ('cc', 9, 51) 55
  unbound ('cc', 9, 51) 57
  unbound ('cc', 9, 51) 59
  unbound ('cc', 9, 51) 61
  unbound ('cc', 9, 51) 62
  unbound ('cc', 9, 51) 63
  unbound ('cc', 9, 51) 64
  unbound ('cc', 9, 52) 122
  unbound ('cc', 9, 52) 123
  unbound ('cc', 9, 52) 124
  unbound ('cc', 9, 52) 126
  unbound ('cc', 9, 52) 127
  unbound ('cc', 9, 52) 126
  unbound ('cc', 9, 52) 125
  unbound ('cc', 9, 52) 124
  unbound ('cc', 9, 52) 123
  unbound ('cc', 9, 52) 121
  unbound ('cc', 9, 52) 119
  unbound ('cc', 9, 52) 117
  unbound ('cc', 9, 52) 115
  unbound ('cc', 9, 52) 113
  unbound ('cc', 9, 52) 111
  unbound ('cc', 9, 52) 107
  unbound ('cc', 9, 52) 105
  unbound ('cc', 9, 52) 101
  unbound ('cc', 9, 52) 99
  unbound ('cc', 9, 52) 97
  unbound ('cc', 9, 52) 95
  unbound ('cc', 9, 52) 93
  unbound ('cc', 9, 52) 91
  unbound ('cc', 9, 52) 89
  unbound ('cc', 9, 52) 87
  unbound ('cc', 9, 52) 85
  unbound ('cc', 9, 52) 83
  unbound ('cc', 9, 52) 81
  unbound ('cc', 9, 52) 79
  unbound ('cc', 9, 52) 77
  unbound ('cc', 9, 52) 75
  unbound ('cc', 9, 52) 73
  unbound ('cc', 9, 52) 71
  unbound ('cc', 9, 52) 69
  unbound ('cc', 9, 52) 68
  unbound ('cc', 9, 52) 67
  unbound ('cc', 9, 52) 65
  unbound ('cc', 9, 52) 63
  unbound ('cc', 9, 52) 62
  unbound ('cc', 9, 52) 60
  unbound ('cc', 9, 52) 58
  unbound ('cc', 9, 52) 56
  unbound ('cc', 9, 52) 54
  unbound ('cc', 9, 52) 52
  unbound ('cc', 9, 52) 50
  unbound ('cc', 9, 52) 48
  unbound ('cc', 9, 52) 46
  unbound ('cc', 9, 52) 44
  unbound ('cc', 9, 52) 42
  unbound ('cc', 9, 52) 40
  unbound ('cc', 9, 52) 38
  unbound ('cc', 9, 52) 36
  unbound ('cc', 9, 52) 34
  unbound ('cc', 9, 52) 32
  unbound ('cc', 9, 52) 30
  unbound ('cc', 9, 51) 63
  unbound ('cc', 9, 51) 62
  unbound ('cc', 9, 51) 61
  unbound ('cc', 9, 51) 60
  unbound ('cc', 9, 51) 58
  unbound ('cc', 9, 51) 56
  unbound ('cc', 9, 51) 54
  unbound ('cc', 9, 51) 52
  unbound ('cc', 9, 51) 50
  unbound ('cc', 9, 51) 48
  unbound ('cc', 9, 51) 46
  unbound ('cc', 9, 51) 44
  unbound ('cc', 9, 51) 42
  unbound ('cc', 9, 51) 40
  unbound ('cc', 9, 51) 38
  unbound ('cc', 9, 51) 36
  unbound ('cc', 9, 51) 34
  unbound ('cc', 9, 51) 32
  unbound ('cc', 9, 51) 30
  unbound ('cc', 9, 51) 28
  unbound ('cc', 9, 51) 26
  unbound ('cc', 9, 51) 24
  unbound ('cc', 9, 51) 23
  unbound ('cc', 9, 51) 21
  unbound ('cc', 9, 51) 20
  unbound ('cc', 9, 51) 19
  unbound ('cc', 9, 51) 17
  unbound ('cc', 9, 51) 18
  unbound ('cc', 9, 51) 19
  unbound ('cc', 9, 51) 20
  unbound ('cc', 9, 51) 22
  unbound ('cc', 9, 51) 23
  unbound ('cc', 9, 51) 24
  unbound ('cc', 9, 51) 25
  unbound ('cc', 9, 51) 26
  unbound ('cc', 9, 51) 28
  unbound ('cc', 9, 51) 29
  unbound ('cc', 9, 51) 31
  unbound ('cc', 9, 51) 33
  unbound ('cc', 9, 51) 35
  unbound ('cc', 9, 51) 37
  unbound ('cc', 9, 51) 39
  unbound ('cc', 9, 51) 41
  unbound ('cc', 9, 51) 43
  unbound ('cc', 9, 51) 45
  unbound ('cc', 9, 51) 47
  unbound ('cc', 9, 51) 49
  unbound ('cc', 9, 51) 51
  unbound ('cc', 9, 51) 53
  unbound ('cc', 9, 51) 55
  unbound ('cc', 9, 51) 57
  unbound ('cc', 9, 51) 59
  unbound ('cc', 9, 51) 61
  unbound ('cc', 9, 51) 63
  unbound ('cc', 9, 51) 65
  unbound ('cc', 9, 51) 67
  unbound ('cc', 9, 51) 69
  unbound ('cc', 9, 51) 71
  unbound ('cc', 9, 51) 73
  unbound ('cc', 9, 51) 75
  unbound ('cc', 9, 51) 77
  unbound ('cc', 9, 51) 78
  unbound ('cc', 9, 51) 79
  unbound ('cc', 9, 51) 80
  unbound ('cc', 9, 51) 81
  unbound ('cc', 9, 51) 83
  unbound ('cc', 9, 51) 85
  unbound ('cc', 9, 51) 87
  unbound ('cc', 9, 51) 89
  unbound ('cc', 9, 51) 91
  unbound ('cc', 9, 51) 93
  unbound ('cc', 9, 51) 95
  unbound ('cc', 9, 51) 99
  unbound ('cc', 9, 51) 103
  unbound ('cc', 9, 51) 107
  unbound ('cc', 9, 51) 109
  unbound ('cc', 9, 51) 111
  unbound ('cc', 9, 51) 113
  unbound ('cc', 9, 51) 115
  unbound ('cc', 9, 51) 117
  unbound ('cc', 9, 51) 119
  unbound ('cc', 9, 51) 121
  unbound ('cc', 9, 51) 123
  unbound ('cc', 9, 51) 125
  unbound ('cc', 9, 51) 127
  unbound ('cc', 9, 51) 126
  unbound ('cc', 9, 51) 125
  unbound ('cc', 9, 51) 124
  unbound ('cc', 9, 51) 122
  unbound ('cc', 9, 51) 120
  unbound ('cc', 9, 51) 118
  unbound ('cc', 9, 51) 116
  unbound ('cc', 9, 51) 114
  unbound ('cc', 9, 51) 112
  unbound ('cc', 9, 51) 110
  unbound ('cc', 9, 51) 108
  unbound ('cc', 9, 51) 106
  unbound ('cc', 9, 51) 104
  unbound ('cc', 9, 51) 102
  unbound ('cc', 9, 51) 100
  unbound ('cc', 9, 51) 98
  unbound ('cc', 9, 51) 96
  unbound ('cc', 9, 51) 94
  unbound ('cc', 9, 51) 92
  unbound ('cc', 9, 51) 90
  unbound ('cc', 9, 51) 88
  unbound ('cc', 9, 51) 86
  unbound ('cc', 9, 51) 84
  unbound ('cc', 9, 51) 85
  unbound ('cc', 9, 51) 86
  unbound ('cc', 9, 51) 87
  unbound ('cc', 9, 51) 88
  unbound ('cc', 9, 51) 90
  unbound ('cc', 9, 51) 92
  unbound ('cc', 9, 51) 94
  unbound ('cc', 9, 51) 96
  unbound ('cc', 9, 51) 100
  unbound ('cc', 9, 51) 104
  unbound ('cc', 9, 51) 108
  unbound ('cc', 9, 51) 112
  unbound ('cc', 9, 51) 116
  unbound ('cc', 9, 51) 120
  unbound ('cc', 9, 51) 124
  unbound ('cc', 9, 51) 127
  unbound ('cc', 9, 51) 126
  unbound ('cc', 9, 51) 125
  unbound ('cc', 9, 51) 124
  unbound ('cc', 9, 51) 123
  unbound ('cc', 9, 51) 121
  unbound ('cc', 9, 51) 119
  unbound ('cc', 9, 51) 117
  unbound ('cc', 9, 51) 113
  unbound ('cc', 9, 51) 111
  unbound ('cc', 9, 51) 107
  unbound ('cc', 9, 51) 103
  unbound ('cc', 9, 51) 99
  unbound ('cc', 9, 51) 95
  unbound ('cc', 9, 51) 91
  unbound ('cc', 9, 51) 87
  unbound ('cc', 9, 51) 83
  unbound ('cc', 9, 51) 79
  unbound ('cc', 9, 51) 77
  unbound ('cc', 9, 51) 75
  unbound ('cc', 9, 51) 73
  unbound ('cc', 9, 51) 71
  unbound ('cc', 9, 51) 69
  unbound ('cc', 9, 51) 67
  unbound ('cc', 9, 51) 65
  unbound ('cc', 9, 51) 63
  unbound ('cc', 9, 51) 61
  unbound ('cc', 9, 51) 59
  unbound ('cc', 9, 51) 57
  unbound ('cc', 9, 51) 55
  unbound ('cc', 9, 51) 53
  unbound ('cc', 9, 51) 51
  unbound ('cc', 9, 51) 49
  unbound ('cc', 9, 51) 47
  unbound ('cc', 9, 51) 45
  unbound ('cc', 9, 51) 43
  unbound ('cc', 9, 51) 41
  unbound ('cc', 9, 51) 40
  unbound ('cc', 9, 51) 38
  unbound ('cc', 9, 51) 36
  unbound ('cc', 9, 51) 35
  unbound ('cc', 9, 51) 34
  unbound ('cc', 9, 51) 32
  unbound ('cc', 9, 51) 31
  unbound ('cc', 9, 51) 30
  unbound ('cc', 9, 51) 28
  unbound ('cc', 9, 51) 27
  unbound ('cc', 9, 51) 25
  unbound ('cc', 9, 52) 29
  unbound ('cc', 9, 52) 28
  unbound ('cc', 9, 52) 26
  unbound ('cc', 9, 52) 24
  unbound ('cc', 9, 52) 23
  unbound ('cc', 9, 52) 21
  unbound ('cc', 9, 52) 19
  unbound ('cc', 9, 52) 17
  unbound ('cc', 9, 52) 15
  unbound ('cc', 9, 52) 13
  unbound ('cc', 9, 52) 11
  unbound ('cc', 9, 52) 9
  unbound ('cc', 9, 52) 7
  unbound ('cc', 9, 52) 5
  unbound ('cc', 9, 52) 3
  unbound ('cc', 9, 52) 1
  unbound ('cc', 9, 52) 0
  unbound ('cc', 9, 52) 1
  unbound ('cc', 9, 52) 2
  unbound ('cc', 9, 52) 6
  unbound ('cc', 9, 52) 7
  unbound ('cc', 9, 52) 8
  unbound ('cc', 9, 52) 10
  unbound ('cc', 9, 52) 11
  unbound ('cc', 9, 52) 12
  unbound ('cc', 9, 52) 13
  unbound ('cc', 9, 52) 15
  unbound ('cc', 9, 52) 16
  unbound ('cc', 9, 52) 18
  unbound ('cc', 9, 52) 20
  unbound ('cc', 9, 52) 22
  unbound ('cc', 9, 52) 24
  unbound ('cc', 9, 52) 26
  unbound ('cc', 9, 52) 28
  unbound ('cc', 9, 52) 30
  unbound ('cc', 9, 52) 32
  unbound ('cc', 9, 52) 34
  unbound ('cc', 9, 52) 36
  unbound ('cc', 9, 52) 38
  unbound ('cc', 9, 52) 40
  unbound ('cc', 9, 52) 42
  unbound ('cc', 9, 52) 44
  unbound ('cc', 9, 52) 46
  unbound ('cc', 9, 52) 48
  unbound ('cc', 9, 52) 50
  unbound ('cc', 9, 52) 52
  unbound ('cc', 9, 52) 54
  unbound ('cc', 9, 52) 56
  unbound ('cc', 9, 52) 58
  unbound ('cc', 9, 52) 59
  unbound ('cc', 9, 52) 61
  unbound ('cc', 9, 51) 26
  unbound ('cc', 9, 51) 27
  unbound ('cc', 9, 51) 28
  unbound ('cc', 9, 51) 29
  unbound ('cc', 9, 51) 31
  unbound ('cc', 9, 51) 33
  unbound ('cc', 9, 51) 35
  unbound ('cc', 9, 51) 37
  unbound ('cc', 9, 51) 39
  unbound ('cc', 9, 51) 41
  unbound ('cc', 9, 51) 43
  unbound ('cc', 9, 51) 45
  unbound ('cc', 9, 51) 47
  unbound ('cc', 9, 51) 49
  unbound ('cc', 9, 51) 51
  unbound ('cc', 9, 51) 53
  unbound ('cc', 9, 51) 55
  unbound ('cc', 9, 51) 57
  unbound ('cc', 9, 51) 59
  unbound ('cc', 9, 51) 61
  unbound ('cc', 9, 51) 63
  unbound ('cc', 9, 51) 65
  unbound ('cc', 9, 51) 67
  unbound ('cc', 9, 51) 69
  unbound ('cc', 9, 51) 71
  unbound ('cc', 9, 51) 70
  unbound ('cc', 9, 51) 69
  unbound ('cc', 9, 51) 68
  unbound ('cc', 9, 51) 66
  unbound ('cc', 9, 51) 64
  unbound ('cc', 9, 51) 62
  unbound ('cc', 9, 51) 60
  unbound ('cc', 9, 51) 58
  unbound ('cc', 9, 51) 56
  unbound ('cc', 9, 51) 52
  unbound ('cc', 9, 51) 48
  unbound ('cc', 9, 51) 44
  unbound ('cc', 9, 51) 42
  unbound ('cc', 9, 51) 40
  unbound ('cc', 9, 51) 38
  unbound ('cc', 9, 51) 36
  unbound ('cc', 9, 51) 34
  unbound ('cc', 9, 51) 32
  unbound ('cc', 9, 51) 30
  unbound ('cc', 9, 51) 28
  unbound ('cc', 9, 51) 26
  unbound ('cc', 9, 51) 24
  unbound ('cc', 9, 51) 22
  unbound ('cc', 9, 51) 20
  unbound ('cc', 9, 51) 18
  unbound ('cc', 9, 51) 16
  unbound ('cc', 9, 51) 14
  unbound ('cc', 9, 51) 12
  unbound ('cc', 9, 51) 10
  unbound ('cc', 9, 51) 8
  unbound ('cc', 9, 51) 6
  unbound ('cc', 9, 51) 4
  unbound ('cc', 9, 51) 2
  unbound ('cc', 9, 51) 0
  unbound ('cc', 9, 51) 1
  unbound ('cc', 9, 51) 2
  unbound ('cc', 9, 51) 3
  unbound ('cc', 9, 51) 4
  unbound ('cc', 9, 51) 6
  unbound ('cc', 9, 51) 8
  unbound ('cc', 9, 51) 10
  unbound ('cc', 9, 51) 12
  unbound ('cc', 9, 51) 14
  unbound ('cc', 9, 51) 16
  unbound ('cc', 9, 51) 18
  unbound ('cc', 9, 51) 20
  unbound ('cc', 9, 51) 22
  unbound ('cc', 9, 51) 24
  unbound ('cc', 9, 51) 26
  unbound ('cc', 9, 51) 28
  unbound ('cc', 9, 51) 30
  unbound ('cc', 9, 51) 32
  unbound ('cc', 9, 51) 34
  unbound ('cc', 9, 51) 36
  unbound ('cc', 9, 51) 38
  unbound ('cc', 9, 51) 40
  unbound ('cc', 9, 51) 42
  unbound ('cc', 9, 51) 44
  unbound ('cc', 9, 51) 46
  unbound ('cc', 9, 51) 48
  unbound ('cc', 9, 51) 50
  unbound ('cc', 9, 51) 52
  unbound ('cc', 9, 51) 54
  unbound ('cc', 9, 51) 53
  unbound ('cc', 9, 51) 52
  unbound ('cc', 9, 51) 51
  unbound ('cc', 9, 51) 50
  unbound ('cc', 9, 51) 46
  unbound ('cc', 9, 51) 42
  unbound ('cc', 9, 51) 38
  unbound ('cc', 9, 51) 34
  unbound ('cc', 9, 51) 30
  unbound ('cc', 9, 51) 26
  unbound ('cc', 9, 51) 22
  unbound ('cc', 9, 51) 18
  unbound ('cc', 9, 51) 14
  unbound ('cc', 9, 51) 10
  unbound ('cc', 9, 51) 6
  unbound ('cc', 9, 51) 2
  unbound ('cc', 9, 51) 0
  unbound ('cc', 9, 51) 1
  unbound ('cc', 9, 51) 2
  unbound ('cc', 9, 51) 3
  unbound ('cc', 9, 51) 4
  unbound ('cc', 9, 51) 5
  unbound ('cc', 9, 51) 7
  unbound ('cc', 9, 51) 9
  unbound ('cc', 9, 51) 11
  unbound ('cc', 9, 51) 13
  unbound ('cc', 9, 51) 15
  unbound ('cc', 9, 51) 17
  unbound ('cc', 9, 51) 19
  unbound ('cc', 9, 51) 21
  unbound ('cc', 9, 51) 23
  unbound ('cc', 9, 51) 25
  unbound ('cc', 9, 51) 29
  unbound ('cc', 9, 51) 33
  unbound ('cc', 9, 51) 37
  unbound ('cc', 9, 51) 39
  unbound ('cc', 9, 51) 43
  unbound ('cc', 9, 51) 45
  unbound ('cc', 9, 51) 47
  unbound ('cc', 9, 51) 49
  unbound ('cc', 9, 51) 51
  unbound ('cc', 9, 51) 53
  unbound ('cc', 9, 51) 55
  unbound ('cc', 9, 51) 57
  unbound ('cc', 9, 51) 59
  unbound ('cc', 9, 51) 61
  unbound ('cc', 9, 51) 63
  unbound ('cc', 9, 51) 65
  unbound ('cc', 9, 51) 67
  unbound ('cc', 9, 51) 69
  unbound ('cc', 9, 51) 71
  unbound ('cc', 9, 51) 73
  unbound ('cc', 9, 51) 74
  unbound ('cc', 9, 51) 73
  unbound ('cc', 9, 51) 72
  unbound ('cc', 9, 51) 71
  unbound ('cc', 9, 51) 70
  unbound ('cc', 9, 51) 69
  unbound ('cc', 9, 51) 67
  unbound ('cc', 9, 51) 65
  unbound ('cc', 9, 51) 63
  unbound ('cc', 9, 51) 61
  unbound ('cc', 9, 51) 59
  unbound ('cc', 9, 51) 57
  unbound ('cc', 9, 51) 55
  unbound ('cc', 9, 51) 53
  unbound ('cc', 9, 51) 51
  unbound ('cc', 9, 51) 49
  unbound ('cc', 9, 51) 47
  unbound ('cc', 9, 51) 45
  unbound ('cc', 9, 51) 43
  unbound ('cc', 9, 51) 41
  unbound ('cc', 9, 51) 39
  unbound ('cc', 9, 51) 38
  unbound ('cc', 9, 51) 37
  unbound ('cc', 9, 51) 36
  unbound ('cc', 9, 51) 34
  unbound ('cc', 9, 51) 32
  unbound ('cc', 9, 51) 30
  unbound ('cc', 9, 51) 28
  unbound ('cc', 9, 51) 27
  unbound ('cc', 9, 51) 26
  unbound ('cc', 9, 51) 25
  unbound ('cc', 9, 51) 23
  unbound ('cc', 9, 51) 22
  unbound ('cc', 9, 51) 21
  unbound ('cc', 9, 51) 19
  unbound ('cc', 9, 51) 18
  unbound ('cc', 9, 51) 16
  unbound ('cc', 9, 51) 14
  unbound ('cc', 9, 51) 12
  unbound ('cc', 9, 51) 10
  unbound ('cc', 9, 51) 8
  unbound ('cc', 9, 51) 6
  unbound ('cc', 9, 51) 4
  unbound ('cc', 9, 51) 2
  unbound ('cc', 9, 51) 0
  unbound ('cc', 9, 52) 62
  unbound ('cc', 9, 52) 63
  unbound ('cc', 9, 52) 65
  unbound ('cc', 9, 52) 66
  unbound ('cc', 9, 52) 68
  unbound ('cc', 9, 52) 70
  unbound ('cc', 9, 52) 72
  unbound ('cc', 9, 52) 74
  unbound ('cc', 9, 52) 76
  unbound ('cc', 9, 52) 78
  unbound ('cc', 9, 52) 80
  unbound ('cc', 9, 52) 82
  unbound ('cc', 9, 52) 84
  unbound ('cc', 9, 52) 86
  unbound ('cc', 9, 52) 88
  unbound ('cc', 9, 52) 90
  unbound ('cc', 9, 52) 92
  unbound ('cc', 9, 52) 94
  unbound ('cc', 9, 52) 96
  unbound ('cc', 9, 52) 98
  unbound ('cc', 9, 52) 100
  unbound ('cc', 9, 52) 102
  unbound ('cc', 9, 52) 104
  unbound ('cc', 9, 52) 106
  unbound ('cc', 9, 52) 110
  unbound ('cc', 9, 52) 111
  unbound ('cc', 9, 52) 112
  unbound ('cc', 9, 51) 1
  unbound ('cc', 9, 51) 2
  unbound ('cc', 9, 51) 3
  unbound ('cc', 9, 51) 4
  unbound ('cc', 9, 51) 6
  unbound ('cc', 9, 51) 8
  unbound ('cc', 9, 51) 12
  unbound ('cc', 9, 51) 16
  unbound ('cc', 9, 51) 20
  unbound ('cc', 9, 51) 24
  unbound ('cc', 9, 51) 28
  unbound ('cc', 9, 51) 32
  unbound ('cc', 9, 51) 36
  unbound ('cc', 9, 51) 40
  unbound ('cc', 9, 51) 44
  unbound ('cc', 9, 51) 46
  unbound ('cc', 9, 51) 50
  unbound ('cc', 9, 51) 52
  unbound ('cc', 9, 51) 54
  unbound ('cc', 9, 51) 56
  unbound ('cc', 9, 51) 58
  unbound ('cc', 9, 51) 60
  unbound ('cc', 9, 51) 62
  unbound ('cc', 9, 51) 64
  unbound ('cc', 9, 51) 66
  unbound ('cc', 9, 51) 68
  unbound ('cc', 9, 51) 70
  unbound ('cc', 9, 51) 72
  unbound ('cc', 9, 51) 74
  unbound ('cc', 9, 51) 76
  unbound ('cc', 9, 51) 78
  unbound ('cc', 9, 51) 79
  unbound ('cc', 9, 51) 80
  unbound ('cc', 9, 51) 81
  unbound ('cc', 9, 51) 83
  unbound ('cc', 9, 51) 85
  unbound ('cc', 9, 51) 87
  unbound ('cc', 9, 51) 89
  unbound ('cc', 9, 51) 91
  unbound ('cc', 9, 51) 95
  unbound ('cc', 9, 51) 99
  unbound ('cc', 9, 51) 103
  unbound ('cc', 9, 51) 107
  unbound ('cc', 9, 51) 111
  unbound ('cc', 9, 51) 115
  unbound ('cc', 9, 51) 119
  unbound ('cc', 9, 51) 123
  unbound ('cc', 9, 51) 127
  unbound ('cc', 9, 51) 126
  unbound ('cc', 9, 51) 125
  unbound ('cc', 9, 51) 124
  unbound ('cc', 9, 51) 123
  unbound ('cc', 9, 51) 121
  unbound ('cc', 9, 51) 119
  unbound ('cc', 9, 51) 117
  unbound ('cc', 9, 51) 115
  unbound ('cc', 9, 51) 113
  unbound ('cc', 9, 51) 111
  unbound ('cc', 9, 51) 109
  unbound ('cc', 9, 51) 107
  unbound ('cc', 9, 51) 105
  unbound ('cc', 9, 51) 103
  unbound ('cc', 9, 51) 101
  unbound ('cc', 9, 51) 99
  unbound ('cc', 9, 51) 97
  unbound ('cc', 9, 51) 95
  unbound ('cc', 9, 51) 93
  unbound ('cc', 9, 51) 91
  unbound ('cc', 9, 51) 89
  unbound ('cc', 9, 51) 87
  unbound ('cc', 9, 51) 85
  unbound ('cc', 9, 51) 83
  unbound ('cc', 9, 51) 81
  unbound ('cc', 9, 51) 79
  unbound ('cc', 9, 51) 77
  unbound ('cc', 9, 51) 75
  unbound ('cc', 9, 51) 73
  unbound ('cc', 9, 51) 71
  unbound ('cc', 9, 51) 69
  unbound ('cc', 9, 51) 67
  unbound ('cc', 9, 51) 65
  unbound ('cc', 9, 51) 63
  unbound ('cc', 9, 51) 61
  unbound ('cc', 9, 51) 59
  unbound ('cc', 9, 51) 57
  unbound ('cc', 9, 51) 55
  unbound ('cc', 9, 51) 53
  unbound ('cc', 9, 51) 51
  unbound ('cc', 9, 51) 49
  unbound ('cc', 9, 51) 47
  unbound ('cc', 9, 51) 46
  unbound ('cc', 9, 51) 45
  unbound ('cc', 9, 51) 43
  unbound ('cc', 9, 51) 41
  unbound ('cc', 9, 51) 40
  unbound ('cc', 9, 51) 38
  unbound ('cc', 9, 51) 37
  unbound ('cc', 9, 51) 36
  unbound ('cc', 9, 51) 35
  unbound ('cc', 9, 51) 34
  unbound ('cc', 9, 51) 33
  unbound ('cc', 9, 51) 31
  unbound ('cc', 9, 51) 29
  unbound ('cc', 9, 51) 27
  unbound ('cc', 9, 51) 25
  unbound ('cc', 9, 51) 26
  unbound ('cc', 9, 51) 27
  unbound ('cc', 9, 51) 29
  unbound ('cc', 9, 51) 30
  unbound ('cc', 9, 51) 32
  unbound ('cc', 9, 51) 33
  unbound ('cc', 9, 51) 34
  unbound ('cc', 9, 51) 35
  unbound ('cc', 9, 51) 36
  unbound ('cc', 9, 51) 38
  unbound ('cc', 9, 51) 39
  unbound ('cc', 9, 51) 40
  unbound ('cc', 9, 51) 41
  unbound ('cc', 9, 51) 42
  unbound ('cc', 9, 51) 44
  unbound ('cc', 9, 51) 46
  unbound ('cc', 9, 51) 45
  unbound ('cc', 9, 51) 44
  unbound ('cc', 9, 51) 43
  unbound ('cc', 9, 51) 42
  unbound ('cc', 9, 51) 40
  unbound ('cc', 9, 51) 38
  unbound ('cc', 9, 51) 36
  unbound ('cc', 9, 51) 34
  unbound ('cc', 9, 51) 32
  unbound ('cc', 9, 51) 30
  unbound ('cc', 9, 51) 28
  unbound ('cc', 9, 51) 26
  unbound ('cc', 9, 51) 24
  unbound ('cc', 9, 51) 22
  unbound ('cc', 9, 51) 20
  unbound ('cc', 9, 51) 18
  unbound ('cc', 9, 51) 16
  unbound ('cc', 9, 51) 14
  unbound ('cc', 9, 51) 12
  unbound ('cc', 9, 51) 11
  unbound ('cc', 9, 51) 10
  unbound ('cc', 9, 51) 8
  unbound ('cc', 9, 51) 9
  unbound ('cc', 9, 51) 10
  unbound ('cc', 9, 51) 11
  unbound ('cc', 9, 51) 13
  unbound ('cc', 9, 51) 14
  unbound ('cc', 9, 51) 16
  unbound ('cc', 9, 51) 18
  unbound ('cc', 9, 51) 20
  unbound ('cc', 9, 51) 22
  unbound ('cc', 9, 51) 24
  unbound ('cc', 9, 51) 26
  unbound ('cc', 9, 51) 28
  unbound ('cc', 9, 51) 30
  unbound ('cc', 9, 51) 32
  unbound ('cc', 9, 51) 34
  unbound ('cc', 9, 51) 35
  unbound ('cc', 9, 51) 36
  unbound ('cc', 9, 51) 37
  unbound ('cc', 9, 51) 36
  unbound ('cc', 9, 51) 35
  unbound ('cc', 9, 51) 34
  unbound ('cc', 9, 51) 33
  unbound ('cc', 9, 51) 31
  unbound ('cc', 9, 51) 27
  unbound ('cc', 9, 51) 23
  unbound ('cc', 9, 51) 19
  unbound ('cc', 9, 51) 15
  unbound ('cc', 9, 51) 11
  unbound ('cc', 9, 51) 7
  unbound ('cc', 9, 51) 3
  unbound ('cc', 9, 51) 0
  unbound ('cc', 9, 51) 1
  unbound ('cc', 9, 51) 2
  unbound ('cc', 9, 51) 3
  unbound ('cc', 9, 51) 5
  unbound ('cc', 9, 51) 6
  unbound ('cc', 9, 51) 8
  unbound ('cc', 9, 51) 10
  unbound ('cc', 9, 51) 12
  unbound ('cc', 9, 51) 14
  unbound ('cc', 9, 51) 16
  unbound ('cc', 9, 51) 17
  unbound ('cc', 9, 51) 18
  unbound ('cc', 9, 51) 20
  unbound ('cc', 9, 51) 22
  unbound ('cc', 9, 51) 23
  unbound ('cc', 9, 51) 24
  unbound ('cc', 9, 51) 26
  unbound ('cc', 9, 51) 28
  unbound ('cc', 9, 51) 30
  unbound ('cc', 9, 51) 31
  unbound ('cc', 9, 51) 32
  unbound ('cc', 9, 51) 34
  unbound ('cc', 9, 51) 35
  unbound ('cc', 9, 51) 37
  unbound ('cc', 9, 51) 39
  unbound ('cc', 9, 51) 41
  unbound ('cc', 9, 51) 43
  unbound ('cc', 9, 51) 45
  unbound ('cc', 9, 51) 47
  unbound ('cc', 9, 51) 49
  unbound ('cc', 9, 51) 51
  unbound ('cc', 9, 51) 53
  unbound ('cc', 9, 51) 55
  unbound ('cc', 9, 51) 57
  unbound ('cc', 9, 51) 59
  unbound ('cc', 9, 51) 61
  unbound ('cc', 9, 51) 63
  unbound ('cc', 9, 51) 65
  unbound ('cc', 9, 51) 67
  unbound ('cc', 9, 51) 69
  unbound ('cc', 9, 51) 71
  unbound ('cc', 9, 51) 73
  unbound ('cc', 9, 51) 75
  unbound ('cc', 9, 51) 76
  unbound ('cc', 9, 51) 77
  unbound ('cc', 9, 51) 78
  unbound ('cc', 9, 51) 80
  unbound ('cc', 9, 51) 82
  unbound ('cc', 9, 51) 84
  unbound ('cc', 9, 51) 86
  unbound ('cc', 9, 51) 88
  unbound ('cc', 9, 51) 90
  unbound ('cc', 9, 51) 92
  unbound ('cc', 9, 51) 94
  unbound ('cc', 9, 51) 96
  unbound ('cc', 9, 51) 98
  unbound ('cc', 9, 51) 100
  unbound ('cc', 9, 51) 102
  unbound ('cc', 9, 51) 101
  unbound ('cc', 9, 51) 100
  unbound ('cc', 9, 51) 99
  unbound ('cc', 9, 51) 98
  unbound ('cc', 9, 51) 96
  unbound ('cc', 9, 51) 94
  unbound ('cc', 9, 51) 92
  unbound ('cc', 9, 51) 90
  unbound ('cc', 9, 51) 88
  unbound ('cc', 9, 51) 84
  unbound ('cc', 9, 51) 80
  unbound ('cc', 9, 51) 76
  unbound ('cc', 9, 51) 72
  unbound ('cc', 9, 51) 68
  unbound ('cc', 9, 51) 64
  unbound ('cc', 9, 51) 60
  unbound ('cc', 9, 51) 56
  unbound ('cc', 9, 51) 52
  unbound ('cc', 9, 51) 48
  unbound ('cc', 9, 51) 44
  unbound ('cc', 9, 51) 40
  unbound ('cc', 9, 51) 36
  unbound ('cc', 9, 51) 32
  unbound ('cc', 9, 51) 30
  unbound ('cc', 9, 51) 28
  unbound ('cc', 9, 51) 26
  unbound ('cc', 9, 51) 24
  unbound ('cc', 9, 51) 22
  unbound ('cc', 9, 51) 20
  unbound ('cc', 9, 51) 18
  unbound ('cc', 9, 51) 17
  unbound ('cc', 9, 51) 16
  unbound ('cc', 9, 51) 15
  unbound ('cc', 9, 51) 13
  unbound ('cc', 9, 51) 11
  unbound ('cc', 9, 51) 9
  unbound ('cc', 9, 51) 7
  unbound ('cc', 9, 51) 5
  unbound ('cc', 9, 51) 1
  unbound ('cc', 9, 51) 0
  unbound ('cc', 9, 52) 113
  unbound ('cc', 9, 52) 114
  unbound ('cc', 9, 52) 115
  unbound ('cc', 9, 52) 117
  unbound ('cc', 9, 52) 118
  unbound ('cc', 9, 52) 120
  unbound ('cc', 9, 52) 122
  unbound ('cc', 9, 52) 124
  unbound ('cc', 9, 52) 126
  unbound ('cc', 9, 52) 127
  unbound ('cc', 9, 52) 126
  unbound ('cc', 9, 52) 125
  unbound ('cc', 9, 52) 124
  unbound ('cc', 9, 52) 123
  unbound ('cc', 9, 52) 121
  unbound ('cc', 9, 52) 119
  unbound ('cc', 9, 52) 117
  unbound ('cc', 9, 52) 115
  unbound ('cc', 9, 52) 113
  unbound ('cc', 9, 52) 111
  unbound ('cc', 9, 52) 109
  unbound ('cc', 9, 52) 107
  unbound ('cc', 9, 52) 105
  unbound ('cc', 9, 52) 103
  unbound ('cc', 9, 52) 101
  unbound ('cc', 9, 52) 99
  unbound ('cc', 9, 52) 97
  unbound ('cc', 9, 52) 95
  unbound ('cc', 9, 52) 94
  unbound ('cc', 9, 52) 92
  unbound ('cc', 9, 52) 91
  unbound ('cc', 9, 52) 90
  unbound ('cc', 9, 52) 89
  unbound ('cc', 9, 52) 87
  unbound ('cc', 9, 52) 85
  unbound ('cc', 9, 52) 83
  unbound ('cc', 9, 52) 81
  unbound ('cc', 9, 52) 79
  unbound ('cc', 9, 52) 77
  unbound ('cc', 9, 52) 75
  unbound ('cc', 9, 52) 73
  unbound ('cc', 9, 52) 71
  unbound ('cc', 9, 52) 69
  unbound ('cc', 9, 52) 67
  unbound ('cc', 9, 52) 65
  unbound ('cc', 9, 52) 63
  unbound ('cc', 9, 52) 61
  unbound ('cc', 9, 52) 59
  unbound ('cc', 9, 52) 57
  unbound ('cc', 9, 52) 58
  unbound ('cc', 9, 52) 59
  unbound ('cc', 9, 52) 60
  unbound ('cc', 9, 52) 61
  unbound ('cc', 9, 52) 63
  unbound ('cc', 9, 52) 65
  unbound ('cc', 9, 52) 67
  unbound ('cc', 9, 52) 69
  unbound ('cc', 9, 52) 71
  unbound ('cc', 9, 52) 73
  unbound ('cc', 9, 52) 75
  unbound ('cc', 9, 52) 77
  unbound ('cc', 9, 52) 79
  unbound ('cc', 9, 52) 81
  unbound ('cc', 9, 52) 83
  unbound ('cc', 9, 52) 85
  unbound ('cc', 9, 52) 87
  unbound ('cc', 9, 52) 86
  unbound ('cc', 9, 52) 85
  unbound ('cc', 9, 52) 84
  unbound ('cc', 9, 52) 83
  unbound ('cc', 9, 52) 81
  unbound ('cc', 9, 52) 79
  unbound ('cc', 9, 52) 77
  unbound ('cc', 9, 52) 75
  unbound ('cc', 9, 52) 73
  unbound ('cc', 9, 52) 71
  unbound ('cc', 9, 52) 69
  unbound ('cc', 9, 52) 67
  unbound ('cc', 9, 52) 65
  unbound ('cc', 9, 52) 63
  unbound ('cc', 9, 52) 61
  unbound ('cc', 9, 52) 59
  unbound ('cc', 9, 52) 58
  unbound ('cc', 9, 52) 59
  unbound ('cc', 9, 52) 60
  unbound ('cc', 9, 52) 61
  unbound ('cc', 9, 52) 62
  unbound ('cc', 9, 52) 64
  unbound ('cc', 9, 52) 66
  unbound ('cc', 9, 52) 68
  unbound ('cc', 9, 52) 70
  unbound ('cc', 9, 52) 72
  unbound ('cc', 9, 52) 74
  unbound ('cc', 9, 52) 76
  unbound ('cc', 9, 52) 78
  unbound ('cc', 9, 52) 80
  unbound ('cc', 9, 52) 82
  unbound ('cc', 9, 52) 84
  unbound ('cc', 9, 52) 86
  unbound ('cc', 9, 52) 88
  unbound ('cc', 9, 52) 90
  unbound ('cc', 9, 52) 89
  unbound ('cc', 9, 52) 88
  unbound ('cc', 9, 52) 87
  unbound ('cc', 9, 52) 86
  unbound ('cc', 9, 52) 84
  unbound ('cc', 9, 52) 82
  unbound ('cc', 9, 52) 80
  unbound ('cc', 9, 52) 78
  unbound ('cc', 9, 52) 76
  unbound ('cc', 9, 52) 74
  unbound ('cc', 9, 52) 72
  unbound ('cc', 9, 52) 70
  unbound ('cc', 9, 52) 68
  unbound ('cc', 9, 52) 66
  unbound ('cc', 9, 52) 67
  unbound ('cc', 9, 52) 68
  unbound ('cc', 9, 52) 69
  unbound ('cc', 9, 52) 70
  unbound ('cc', 9, 52) 72
  unbound ('cc', 9, 52) 74
  unbound ('cc', 9, 52) 76
  unbound ('cc', 9, 52) 78
  unbound ('cc', 9, 52) 80
  unbound ('cc', 9, 52) 82
  unbound ('cc', 9, 52) 84
  unbound ('cc', 9, 52) 86
  unbound ('cc', 9, 52) 88
  unbound ('cc', 9, 52) 89
  unbound ('cc', 9, 52) 88
  unbound ('cc', 9, 52) 87
  unbound ('cc', 9, 52) 86
  unbound ('cc', 9, 52) 85
  unbound ('cc', 9, 52) 83
  unbound ('cc', 9, 52) 82
  unbound ('cc', 9, 52) 80
  unbound ('cc', 9, 52) 78
  unbound ('cc', 9, 52) 76
  unbound ('cc', 9, 52) 74
  unbound ('cc', 9, 52) 73
  unbound ('cc', 9, 52) 72
  unbound ('cc', 9, 52) 70
  unbound ('cc', 9, 52) 69
  unbound ('cc', 9, 52) 68
  unbound ('cc', 9, 52) 66
  unbound ('cc', 9, 52) 67
  unbound ('cc', 9, 52) 68
  unbound ('cc', 9, 52) 69
  unbound ('cc', 9, 52) 70
  unbound ('cc', 9, 52) 69
  unbound ('cc', 9, 52) 68
  unbound ('cc', 9, 52) 66
  unbound ('cc', 9, 52) 64
  unbound ('cc', 9, 51) 1
  unbound ('cc', 9, 51) 2
  unbound ('cc', 9, 51) 3
  unbound ('cc', 9, 51) 4
  unbound ('cc', 9, 51) 3
  unbound ('cc', 9, 51) 2
  unbound ('cc', 9, 51) 1
  unbound ('cc', 9, 51) 0
  unbound ('cc', 9, 51) 1
  unbound ('cc', 9, 51) 2
  unbound ('cc', 9, 51) 3
  unbound ('cc', 9, 51) 5
  unbound ('cc', 9, 51) 7
  unbound ('cc', 9, 51) 9
  unbound ('cc', 9, 51) 11
  unbound ('cc', 9, 51) 13
  unbound ('cc', 9, 51) 15
  unbound ('cc', 9, 51) 17
  unbound ('cc', 9, 51) 19
  unbound ('cc', 9, 51) 21
  unbound ('cc', 9, 51) 23
  unbound ('cc', 9, 51) 27
  unbound ('cc', 9, 51) 31
  unbound ('cc', 9, 51) 35
  unbound ('cc', 9, 51) 39
  unbound ('cc', 9, 51) 43
  unbound ('cc', 9, 51) 47
  unbound ('cc', 9, 51) 51
  unbound ('cc', 9, 51) 55
  unbound ('cc', 9, 51) 59
  unbound ('cc', 9, 51) 61
  unbound ('cc', 9, 51) 63
  unbound ('cc', 9, 51) 64
  unbound ('cc', 9, 51) 65
  unbound ('cc', 9, 51) 66
  unbound ('cc', 9, 51) 68
  unbound ('cc', 9, 51) 70
  unbound ('cc', 9, 51) 72
  unbound ('cc', 9, 51) 74
  unbound ('cc', 9, 51) 78
  unbound ('cc', 9, 51) 82
  unbound ('cc', 9, 51) 86
  unbound ('cc', 9, 51) 90
  unbound ('cc', 9, 51) 94
  unbound ('cc', 9, 51) 98
  unbound ('cc', 9, 51) 102
  unbound ('cc', 9, 51) 106
  unbound ('cc', 9, 51) 110
  unbound ('cc', 9, 51) 114
  unbound ('cc', 9, 51) 118
  unbound ('cc', 9, 51) 122
  unbound ('cc', 9, 51) 126
  unbound ('cc', 9, 51) 127
  unbound ('cc', 9, 51) 126
  unbound ('cc', 9, 51) 125
  unbound ('cc', 9, 51) 124
  unbound ('cc', 9, 51) 122
  unbound ('cc', 9, 51) 120
  unbound ('cc', 9, 51) 118
  unbound ('cc', 9, 51) 116
  unbound ('cc', 9, 51) 114
  unbound ('cc', 9, 51) 112
  unbound ('cc', 9, 51) 110
  unbound ('cc', 9, 51) 108
  unbound ('cc', 9, 51) 106
  unbound ('cc', 9, 51) 104
  unbound ('cc', 9, 51) 102
  unbound ('cc', 9, 51) 100
  unbound ('cc', 9, 51) 98
  unbound ('cc', 9, 51) 96
  unbound ('cc', 9, 51) 94
  unbound ('cc', 9, 51) 92
  unbound ('cc', 9, 51) 90
  unbound ('cc', 9, 51) 88
  unbound ('cc', 9, 51) 86
  unbound ('cc', 9, 51) 84
  unbound ('cc', 9, 51) 82
  unbound ('cc', 9, 51) 80
  unbound ('cc', 9, 51) 78
  unbound ('cc', 9, 51) 77
  unbound ('cc', 9, 51) 76
  unbound ('cc', 9, 51) 75
  unbound ('cc', 9, 51) 71
  unbound ('cc', 9, 51) 69
  unbound ('cc', 9, 51) 67
  unbound ('cc', 9, 51) 65
  unbound ('cc', 9, 51) 63
  unbound ('cc', 9, 51) 59
  unbound ('cc', 9, 51) 55
  unbound ('cc', 9, 51) 51
  unbound ('cc', 9, 51) 47
  unbound ('cc', 9, 51) 43
  unbound ('cc', 9, 51) 39
  unbound ('cc', 9, 51) 35
  unbound ('cc', 9, 51) 31
  unbound ('cc', 9, 51) 27
  unbound ('cc', 9, 51) 23
  unbound ('cc', 9, 51) 19
  unbound ('cc', 9, 51) 15
  unbound ('cc', 9, 51) 11
  unbound ('cc', 9, 51) 7
  unbound ('cc', 9, 51) 3
  unbound ('cc', 9, 51) 1
  unbound ('cc', 9, 51) 0
  unbound ('cc', 9, 51) 1
  unbound ('cc', 9, 51) 2
  unbound ('cc', 9, 51) 3
  unbound ('cc', 9, 51) 5
  unbound ('cc', 9, 51) 6
  unbound ('cc', 9, 51) 7
  unbound ('cc', 9, 51) 8
  unbound ('cc', 9, 52) 63
  unbound ('cc', 9, 52) 62
  unbound ('cc', 9, 52) 61
  unbound ('cc', 9, 52) 59
  unbound ('cc', 9, 52) 58
  unbound ('cc', 9, 52) 59
  unbound ('cc', 9, 52) 60
  unbound ('cc', 9, 52) 62
  unbound ('cc', 9, 52) 64
  unbound ('cc', 9, 52) 65
  unbound ('cc', 9, 52) 66
  unbound ('cc', 9, 52) 67
  unbound ('cc', 9, 52) 68
  node.next -> node 1/1
  unbound ('cc', 9, 52) 67
  unbound ('cc', 9, 52) 66
  unbound ('cc', 9, 52) 64
  unbound ('cc', 9, 52) 63
  unbound ('cc', 9, 52) 62
  unbound ('cc', 9, 52) 63
  unbound ('cc', 9, 52) 64
  unbound ('cc', 9, 52) 66
  unbound ('cc', 9, 52) 68
  unbound ('cc', 9, 52) 69
  unbound ('cc', 9, 52) 70
  unbound ('cc', 9, 52) 71
  unbound ('cc', 9, 52) 72
  unbound ('cc', 9, 52) 73
  unbound ('cc', 9, 52) 74
  node.prev -> node 1/1
  unbound ('cc', 9, 52) 75
  unbound ('cc', 9, 52) 76
  unbound ('cc', 9, 52) 77
  unbound ('cc', 9, 52) 78
  node.prev -> node 1/1
  unbound ('cc', 9, 52) 79
  unbound ('cc', 9, 52) 80
  unbound ('cc', 9, 52) 81
  node.prev -> node 1/1
  unbound ('cc', 9, 52) 82
  unbound ('cc', 9, 52) 83
  node.prev -> node 1/1
  unbound ('cc', 9, 52) 84
  unbound ('cc', 9, 52) 85
  unbound ('cc', 9, 52) 86
  node.prev -> node 1/1
  unbound ('cc', 9, 52) 87
  unbound ('cc', 9, 52) 88
  unbound ('cc', 9, 52) 89
  unbound ('cc', 9, 52) 90
  unbound ('cc', 9, 52) 91
  unbound ('cc', 9, 52) 92
  unbound ('cc', 9, 52) 93
  unbound ('cc', 9, 52) 94
  unbound ('cc', 9, 52) 95
  unbound ('cc', 9, 52) 94
  unbound ('cc', 9, 52) 93
  unbound ('cc', 9, 52) 92
  unbound ('cc', 9, 52) 90
  unbound ('cc', 9, 52) 88
  unbound ('cc', 9, 52) 86
  unbound ('cc', 9, 52) 84
  unbound ('cc', 9, 52) 82
  unbound ('cc', 9, 52) 80
  unbound ('cc', 9, 52) 79
  unbound ('cc', 9, 52) 78
  unbound ('cc', 9, 52) 76
  unbound ('cc', 9, 52) 74
  unbound ('cc', 9, 52) 72
  unbound ('cc', 9, 52) 71
  unbound ('cc', 9, 52) 70
  unbound ('cc', 9, 52) 68
  unbound ('cc', 9, 52) 66
  unbound ('cc', 9, 52) 65
  unbound ('cc', 9, 52) 64
  unbound ('cc', 9, 52) 62
  unbound ('cc', 9, 52) 61
  unbound ('cc', 9, 52) 62
  unbound ('cc', 9, 52) 63
  unbound ('cc', 9, 52) 64
  unbound ('cc', 9, 52) 65
  unbound ('cc', 9, 52) 67
  unbound ('cc', 9, 52) 69
  unbound ('cc', 9, 52) 71
  unbound ('cc', 9, 52) 73
  unbound ('cc', 9, 52) 75
  unbound ('cc', 9, 52) 77
  unbound ('cc', 9, 52) 79
  unbound ('cc', 9, 52) 81
  unbound ('cc', 9, 52) 83
  unbound ('cc', 9, 52) 85
  unbound ('cc', 9, 52) 87
  unbound ('cc', 9, 52) 89
  unbound ('cc', 9, 52) 91
  unbound ('cc', 9, 52) 93
  unbound ('cc', 9, 52) 95
  unbound ('cc', 9, 52) 97
  unbound ('cc', 9, 52) 98
  unbound ('cc', 9, 52) 99
  unbound ('cc', 9, 52) 100
  unbound ('cc', 9, 52) 101
  unbound ('cc', 9, 52) 103
  unbound ('cc', 9, 52) 105
  unbound ('cc', 9, 52) 107
  unbound ('cc', 9, 52) 109
  unbound ('cc', 9, 52) 111
  unbound ('cc', 9, 52) 113
  unbound ('cc', 9, 52) 115
  unbound ('cc', 9, 52) 117
  unbound ('cc', 9, 52) 119
  unbound ('cc', 9, 52) 121
  unbound ('cc', 9, 52) 123
  unbound ('cc', 9, 52) 125
  unbound ('cc', 9, 52) 126
  unbound ('cc', 9, 52) 127
  unbound ('cc', 9, 52) 126
  unbound ('cc', 9, 52) 125
  unbound ('cc', 9, 52) 124
  unbound ('cc', 9, 52) 122
  unbound ('cc', 9, 52) 120
  unbound ('cc', 9, 52) 119
  unbound ('cc', 9, 52) 118
  unbound ('cc', 9, 52) 116
  unbound ('cc', 9, 52) 115
  unbound ('cc', 9, 52) 114
  unbound ('cc', 9, 52) 112
  unbound ('cc', 9, 52) 110
  unbound ('cc', 9, 52) 108
  unbound ('cc', 9, 52) 106
  unbound ('cc', 9, 52) 104
  unbound ('cc', 9, 52) 102
  unbound ('cc', 9, 52) 101
  unbound ('cc', 9, 52) 100
  unbound ('cc', 9, 52) 98
  unbound ('cc', 9, 52) 96
  unbound ('cc', 9, 52) 92
  unbound ('cc', 9, 52) 90
  unbound ('cc', 9, 52) 88
  unbound ('cc', 9, 52) 86
  unbound ('cc', 9, 52) 84
  unbound ('cc', 9, 52) 82
  unbound ('cc', 9, 52) 80
  unbound ('cc', 9, 52) 78
  unbound ('cc', 9, 52) 76
  unbound ('cc', 9, 52) 74
  unbound ('cc', 9, 52) 72
  unbound ('cc', 9, 52) 70
  unbound ('cc', 9, 52) 68
  unbound ('cc', 9, 52) 66
  unbound ('cc', 9, 52) 64
  unbound ('cc', 9, 52) 62
  unbound ('cc', 9, 52) 61
  unbound ('cc', 9, 52) 60
  unbound ('cc', 9, 52) 59
  unbound ('cc', 9, 52) 57
  unbound ('cc', 9, 52) 55
  unbound ('cc', 9, 52) 53
  unbound ('cc', 9, 52) 51
  unbound ('cc', 9, 52) 49
  unbound ('cc', 9, 52) 47
  unbound ('cc', 9, 52) 45
  unbound ('cc', 9, 52) 43
  unbound ('cc', 9, 52) 41
  unbound ('cc', 9, 52) 39
  unbound ('cc', 9, 52) 37
  unbound ('cc', 9, 52) 35
  unbound ('cc', 9, 52) 33
  unbound ('cc', 9, 52) 31
  unbound ('cc', 9, 52) 29
  unbound ('cc', 9, 52) 27
  unbound ('cc', 9, 52) 25
  unbound ('cc', 9, 52) 24
  unbound ('cc', 9, 52) 23
  unbound ('cc', 9, 52) 22
  unbound ('cc', 9, 52) 20
  unbound ('cc', 9, 52) 18
  unbound ('cc', 9, 52) 16
  unbound ('cc', 9, 52) 14
  unbound ('cc', 9, 52) 12
  unbound ('cc', 9, 52) 10
  unbound ('cc', 9, 52) 8
  unbound ('cc', 9, 52) 6
  unbound ('cc', 9, 52) 4
  unbound ('cc', 9, 52) 2
  unbound ('cc', 9, 52) 0
  unbound ('cc', 9, 52) 1
  unbound ('cc', 9, 52) 2
  unbound ('cc', 9, 52) 3
  unbound ('cc', 9, 52) 5
  unbound ('cc', 9, 52) 7
  unbound ('cc', 9, 52) 9
  unbound ('cc', 9, 52) 11
  unbound ('cc', 9, 52) 13
  unbound ('cc', 9, 52) 15
  unbound ('cc', 9, 52) 17
  unbound ('cc', 9, 52) 19
  unbound ('cc', 9, 52) 21
  unbound ('cc', 9, 52) 23
  unbound ('cc', 9, 52) 25
  unbound ('cc', 9, 52) 27
  unbound ('cc', 9, 52) 29
  unbound ('cc', 9, 52) 30
  unbound ('cc', 9, 52) 31
  unbound ('cc', 9, 52) 32
  unbound ('cc', 9, 52) 34
  unbound ('cc', 9, 52) 36
  unbound ('cc', 9, 52) 38
  unbound ('cc', 9, 52) 40
  unbound ('cc', 9, 52) 42
  unbound ('cc', 9, 52) 44
  unbound ('cc', 9, 52) 46
  unbound ('cc', 9, 52) 48
  unbound ('cc', 9, 52) 50
  unbound ('cc', 9, 52) 52
  unbound ('cc', 9, 52) 54
  unbound ('cc', 9, 52) 56
  unbound ('cc', 9, 52) 57
  unbound ('cc', 9, 52) 58
  unbound ('cc', 9, 52) 59
  unbound ('cc', 9, 52) 61
  unbound ('cc', 9, 52) 63
  unbound ('cc', 9, 52) 65
  unbound ('cc', 9, 52) 67
  unbound ('cc', 9, 52) 69
  unbound ('cc', 9, 52) 71
  unbound ('cc', 9, 52) 73
  unbound ('cc', 9, 52) 75
  unbound ('cc', 9, 52) 77
  unbound ('cc', 9, 52) 79
  unbound ('cc', 9, 52) 81
  unbound ('cc', 9, 52) 83
  unbound ('cc', 9, 52) 85
  unbound ('cc', 9, 52) 86
  unbound ('cc', 9, 52) 87
  unbound ('cc', 9, 52) 88
  unbound ('cc', 9, 52) 90
  unbound ('cc', 9, 52) 91
  unbound ('cc', 9, 52) 92
  unbound ('cc', 9, 52) 93
  unbound ('cc', 9, 52) 94
  unbound ('cc', 9, 52) 95
  unbound ('cc', 9, 52) 97
  unbound ('cc', 9, 52) 99
  unbound ('cc', 9, 52) 98
  unbound ('cc', 9, 52) 97
  unbound ('cc', 9, 52) 95
  unbound ('cc', 9, 52) 94
  unbound ('cc', 9, 52) 92
  unbound ('cc', 9, 52) 91
  unbound ('cc', 9, 52) 90
  unbound ('cc', 9, 52) 88
  unbound ('cc', 9, 52) 87
  unbound ('cc', 9, 52) 86
  unbound ('cc', 9, 52) 85
  unbound ('cc', 9, 52) 84
  unbound ('cc', 9, 52) 82
  unbound ('cc', 9, 52) 80
  unbound ('cc', 9, 52) 78
  unbound ('cc', 9, 52) 76
  unbound ('cc', 9, 52) 74
  unbound ('cc', 9, 52) 73
  unbound ('cc', 9, 52) 72
  unbound ('cc', 9, 52) 70
  unbound ('cc', 9, 52) 69
  unbound ('cc', 9, 52) 68
  unbound ('cc', 9, 52) 67
  unbound ('cc', 9, 52) 65
  unbound ('cc', 9, 52) 64
  unbound ('cc', 9, 52) 62
  unbound ('cc', 9, 52) 60
  unbound ('cc', 9, 52) 58
  unbound ('cc', 9, 52) 56
  unbound ('cc', 9, 52) 54
  unbound ('cc', 9, 52) 52
  unbound ('cc', 9, 52) 50
  unbound ('cc', 9, 52) 48
  unbound ('cc', 9, 52) 46
  unbound ('cc', 9, 52) 44
  unbound ('cc', 9, 52) 42
  unbound ('cc', 9, 52) 40
  unbound ('cc', 9, 52) 38
  unbound ('cc', 9, 52) 36
  unbound ('cc', 9, 52) 34
  unbound ('cc', 9, 52) 32
  unbound ('cc', 9, 52) 30
  unbound ('cc', 9, 52) 28
  unbound ('cc', 9, 52) 26
  unbound ('cc', 9, 52) 22
  unbound ('cc', 9, 52) 21
  unbound ('cc', 9, 52) 20
  unbound ('cc', 9, 52) 19
  unbound ('cc', 9, 52) 18
  unbound ('cc', 9, 52) 16
  unbound ('cc', 9, 52) 14
  unbound ('cc', 9, 52) 12
  unbound ('cc', 9, 52) 10
  unbound ('cc', 9, 52) 8
  unbound ('cc', 9, 52) 6
  unbound ('cc', 9, 52) 4
  unbound ('cc', 9, 52) 2
  unbound ('cc', 9, 52) 0
  unbound ('cc', 9, 52) 1
  unbound ('cc', 9, 52) 2
  unbound ('cc', 9, 52) 4
  unbound ('cc', 9, 52) 6
  unbound ('cc', 9, 52) 8
  unbound ('cc', 9, 52) 10
  unbound ('cc', 9, 52) 12
  unbound ('cc', 9, 52) 14
  unbound ('cc', 9, 52) 16
  unbound ('cc', 9, 52) 18
  unbound ('cc', 9, 52) 20
  unbound ('cc', 9, 52) 22
  unbound ('cc', 9, 52) 26
  unbound ('cc', 9, 52) 28
  unbound ('cc', 9, 52) 30
  unbound ('cc', 9, 52) 31
  unbound ('cc', 9, 52) 32
  unbound ('cc', 9, 52) 33
  unbound ('cc', 9, 52) 35
  unbound ('cc', 9, 52) 37
  unbound ('cc', 9, 52) 39
  unbound ('cc', 9, 52) 41
  unbound ('cc', 9, 52) 43
  unbound ('cc', 9, 52) 45
  unbound ('cc', 9, 52) 47
  unbound ('cc', 9, 52) 49
  unbound ('cc', 9, 52) 51
  unbound ('cc', 9, 52) 52
  unbound ('cc', 9, 52) 53
  unbound ('cc', 9, 52) 54
  unbound ('cc', 9, 52) 55
  unbound ('cc', 9, 52) 59
  unbound ('cc', 9, 52) 61
  unbound ('cc', 9, 52) 63
  unbound ('cc', 9, 52) 65
  unbound ('cc', 9, 52) 67
  unbound ('cc', 9, 52) 69
  unbound ('cc', 9, 52) 71
  unbound ('cc', 9, 52) 73
  unbound ('cc', 9, 52) 75
  unbound ('cc', 9, 52) 77
  unbound ('cc', 9, 52) 79
  unbound ('cc', 9, 52) 80
  unbound ('cc', 9, 52) 81
  unbound ('cc', 9, 52) 82
  unbound ('cc', 9, 52) 83
  unbound ('cc', 9, 52) 87
  unbound ('cc', 9, 52) 89
  unbound ('cc', 9, 52) 91
  unbound ('cc', 9, 52) 93
  unbound ('cc', 9, 52) 95
  unbound ('cc', 9, 52) 97
  unbound ('cc', 9, 52) 99
  unbound ('cc', 9, 52) 101
  unbound ('cc', 9, 52) 100
  unbound ('cc', 9, 52) 99
  unbound ('cc', 9, 52) 98
  unbound ('cc', 9, 52) 97
  unbound ('cc', 9, 52) 95
  unbound ('cc', 9, 52) 93
  unbound ('cc', 9, 52) 91
  unbound ('cc', 9, 52) 89
  unbound ('cc', 9, 52) 87
  unbound ('cc', 9, 52) 85
  unbound ('cc', 9, 52) 83
  unbound ('cc', 9, 52) 81
  unbound ('cc', 9, 52) 79
  unbound ('cc', 9, 52) 77
  unbound ('cc', 9, 52) 75
  unbound ('cc', 9, 52) 73
  unbound ('cc', 9, 52) 72
  unbound ('cc', 9, 52) 71
  unbound ('cc', 9, 52) 70
  unbound ('cc', 9, 52) 68
  unbound ('cc', 9, 52) 66
  unbound ('cc', 9, 52) 64
  unbound ('cc', 9, 52) 62
  unbound ('cc', 9, 52) 60
  unbound ('cc', 9, 52) 58
  unbound ('cc', 9, 52) 56
  unbound ('cc', 9, 52) 54
  unbound ('cc', 9, 52) 52
  unbound ('cc', 9, 52) 50
  unbound ('cc', 9, 52) 48
  unbound ('cc', 9, 52) 46
  unbound ('cc', 9, 52) 45
  unbound ('cc', 9, 52) 44
  unbound ('cc', 9, 52) 43
  unbound ('cc', 9, 52) 39
  unbound ('cc', 9, 52) 37
  unbound ('cc', 9, 52) 35
  unbound ('cc', 9, 52) 33
  unbound ('cc', 9, 52) 31
  unbound ('cc', 9, 52) 29
  unbound ('cc', 9, 52) 27
  unbound ('cc', 9, 52) 25
  unbound ('cc', 9, 52) 23
  unbound ('cc', 9, 52) 21
  unbound ('cc', 9, 52) 19
  unbound ('cc', 9, 52) 17
  unbound ('cc', 9, 52) 16
  unbound ('cc', 9, 52) 15
  unbound ('cc', 9, 52) 14
  unbound ('cc', 9, 52) 13
  unbound ('cc', 9, 52) 11
  unbound ('cc', 9, 52) 9
  unbound ('cc', 9, 52) 7
  unbound ('cc', 9, 52) 5
  unbound ('cc', 9, 52) 3
  unbound ('cc', 9, 52) 1
  unbound ('cc', 9, 52) 0
  unbound ('cc', 9, 52) 1
  unbound ('cc', 9, 52) 2
  unbound ('cc', 9, 52) 3
  unbound ('cc', 9, 52) 4
  unbound ('cc', 9, 52) 6
  unbound ('cc', 9, 52) 8
  unbound ('cc', 9, 52) 10
  unbound ('cc', 9, 52) 12
  unbound ('cc', 9, 52) 14
  unbound ('cc', 9, 52) 16
  unbound ('cc', 9, 52) 18
  unbound ('cc', 9, 52) 20
  unbound ('cc', 9, 52) 22
  unbound ('cc', 9, 52) 24
  unbound ('cc', 9, 52) 25
  unbound ('cc', 9, 52) 26
  unbound ('cc', 9, 52) 27
  unbound ('cc', 9, 52) 29
  unbound ('cc', 9, 52) 31
  unbound ('cc', 9, 52) 33
  unbound ('cc', 9, 52) 35
  unbound ('cc', 9, 52) 37
  unbound ('cc', 9, 52) 39
  unbound ('cc', 9, 52) 41
  unbound ('cc', 9, 52) 43
  unbound ('cc', 9, 52) 45
  unbound ('cc', 9, 52) 47
  unbound ('cc', 9, 52) 48
  unbound ('cc', 9, 52) 49
  unbound ('cc', 9, 52) 50
  unbound ('cc', 9, 52) 52
  unbound ('cc', 9, 52) 54
  unbound ('cc', 9, 52) 56
  unbound ('cc', 9, 52) 58
  unbound ('cc', 9, 52) 60
  unbound ('cc', 9, 52) 62
  unbound ('cc', 9, 52) 64
  unbound ('cc', 9, 52) 66
  unbound ('cc', 9, 52) 68
  unbound ('cc', 9, 52) 70
  unbound ('cc', 9, 52) 72
  unbound ('cc', 9, 52) 73
  unbound ('cc', 9, 52) 74
  unbound ('cc', 9, 52) 75
  unbound ('cc', 9, 52) 77
  unbound ('cc', 9, 52) 79
  unbound ('cc', 9, 52) 81
  unbound ('cc', 9, 52) 83
  unbound ('cc', 9, 52) 85
  unbound ('cc', 9, 52) 87
  unbound ('cc', 9, 52) 89
  unbound ('cc', 9, 52) 91
  unbound ('cc', 9, 52) 93
  unbound ('cc', 9, 52) 95
  unbound ('cc', 9, 52) 94
  unbound ('cc', 9, 52) 93
  unbound ('cc', 9, 52) 92
  unbound ('cc', 9, 52) 91
  unbound ('cc', 9, 52) 89
  unbound ('cc', 9, 52) 87
  unbound ('cc', 9, 52) 85
  unbound ('cc', 9, 52) 83
  unbound ('cc', 9, 52) 81
  unbound ('cc', 9, 52) 79
  unbound ('cc', 9, 52) 77
  unbound ('cc', 9, 52) 75
  unbound ('cc', 9, 52) 74
  unbound ('cc', 9, 52) 73
  unbound ('cc', 9, 52) 72
  unbound ('cc', 9, 52) 70
  unbound ('cc', 9, 52) 68
  unbound ('cc', 9, 52) 66
  unbound ('cc', 9, 52) 64
  unbound ('cc', 9, 52) 62
  unbound ('cc', 9, 52) 60
  unbound ('cc', 9, 52) 58
  unbound ('cc', 9, 52) 56
  unbound ('cc', 9, 52) 54
  unbound ('cc', 9, 52) 53
  unbound ('cc', 9, 52) 52
  unbound ('cc', 9, 52) 51
  unbound ('cc', 9, 52) 49
  unbound ('cc', 9, 52) 47
  unbound ('cc', 9, 52) 45
  unbound ('cc', 9, 52) 43
  unbound ('cc', 9, 52) 41
  unbound ('cc', 9, 52) 39
  unbound ('cc', 9, 52) 37
  unbound ('cc', 9, 52) 36
  unbound ('cc', 9, 52) 35
  unbound ('cc', 9, 52) 34
  unbound ('cc', 9, 52) 30
  unbound ('cc', 9, 52) 28
  unbound ('cc', 9, 52) 26
  unbound ('cc', 9, 52) 24
  unbound ('cc', 9, 52) 23
  unbound ('cc', 9, 51) 7
  unbound ('cc', 9, 51) 6
  unbound ('cc', 9, 51) 5
  unbound ('cc', 9, 51) 4
  unbound ('cc', 9, 51) 2
  unbound ('cc', 9, 51) 0
  unbound ('cc', 9, 51) 1
  unbound ('cc', 9, 51) 2
  unbound ('cc', 9, 51) 3
  unbound ('cc', 9, 51) 4
  unbound ('cc', 9, 51) 6
  unbound ('cc', 9, 51) 8
  unbound ('cc', 9, 51) 10
  unbound ('cc', 9, 51) 12
  unbound ('cc', 9, 51) 14
  unbound ('cc', 9, 51) 16
  unbound ('cc', 9, 51) 18
  unbound ('cc', 9, 51) 20
  unbound ('cc', 9, 51) 22
  unbound ('cc', 9, 51) 24
  unbound ('cc', 9, 51) 26
  unbound ('cc', 9, 51) 28
  unbound ('cc', 9, 51) 29
  unbound ('cc', 9, 51) 30
  unbound ('cc', 9, 51) 31
  unbound ('cc', 9, 51) 33
  unbound ('cc', 9, 51) 34
  unbound ('cc', 9, 51) 35
  unbound ('cc', 9, 51) 37
  unbound ('cc', 9, 51) 38
  unbound ('cc', 9, 51) 39
  unbound ('cc', 9, 51) 40
  unbound ('cc', 9, 51) 41
  unbound ('cc', 9, 51) 43
  unbound ('cc', 9, 51) 45
  unbound ('cc', 9, 51) 47
  unbound ('cc', 9, 51) 49
  unbound ('cc', 9, 51) 51
  unbound ('cc', 9, 51) 53
  unbound ('cc', 9, 51) 55
  unbound ('cc', 9, 51) 57
  unbound ('cc', 9, 51) 58
  unbound ('cc', 9, 51) 59
  unbound ('cc', 9, 51) 60
  unbound ('cc', 9, 51) 62
  unbound ('cc', 9, 51) 63
  unbound ('cc', 9, 51) 65
  unbound ('cc', 9, 51) 66
  unbound ('cc', 9, 51) 68
  unbound ('cc', 9, 51) 70
  unbound ('cc', 9, 51) 72
  unbound ('cc', 9, 51) 74
  unbound ('cc', 9, 51) 76
  unbound ('cc', 9, 51) 78
  unbound ('cc', 9, 51) 80
  unbound ('cc', 9, 51) 82
  unbound ('cc', 9, 51) 84
  unbound ('cc', 9, 51) 86
  unbound ('cc', 9, 51) 88
  unbound ('cc', 9, 51) 90
  unbound ('cc', 9, 51) 92
  unbound ('cc', 9, 51) 94
  unbound ('cc', 9, 51) 96
  unbound ('cc', 9, 51) 98
  unbound ('cc', 9, 51) 100
  unbound ('cc', 9, 51) 102
  unbound ('cc', 9, 51) 104
  unbound ('cc', 9, 51) 106
  unbound ('cc', 9, 51) 107
  unbound ('cc', 9, 51) 108
  unbound ('cc', 9, 51) 110
  unbound ('cc', 9, 51) 109
  unbound ('cc', 9, 51) 108
  unbound ('cc', 9, 51) 107
  unbound ('cc', 9, 51) 105
  unbound ('cc', 9, 51) 103
  unbound ('cc', 9, 51) 101
  unbound ('cc', 9, 51) 99
  unbound ('cc', 9, 51) 97
  unbound ('cc', 9, 51) 95
  unbound ('cc', 9, 51) 93
  unbound ('cc', 9, 51) 91
  unbound ('cc', 9, 51) 89
  unbound ('cc', 9, 51) 87
  unbound ('cc', 9, 51) 85
  unbound ('cc', 9, 51) 83
  unbound ('cc', 9, 51) 81
  unbound ('cc', 9, 51) 79
  unbound ('cc', 9, 51) 78
  unbound ('cc', 9, 51) 77
  unbound ('cc', 9, 51) 76
  unbound ('cc', 9, 51) 75
  unbound ('cc', 9, 51) 74
  unbound ('cc', 9, 51) 72
  unbound ('cc', 9, 51) 71
  unbound ('cc', 9, 51) 70
  unbound ('cc', 9, 51) 68
  unbound ('cc', 9, 51) 66
  unbound ('cc', 9, 51) 65
  unbound ('cc', 9, 53) 14
  unbound ('cc', 9, 53) 15
  unbound ('cc', 9, 53) 16
  unbound ('cc', 9, 53) 18
  unbound ('cc', 9, 53) 19
  unbound ('cc', 9, 53) 20
  unbound ('cc', 9, 53) 22
  unbound ('cc', 9, 53) 23
  unbound ('cc', 9, 53) 24
  unbound ('cc', 9, 53) 26
  unbound ('cc', 9, 53) 27
  unbound ('cc', 9, 53) 28
  unbound ('cc', 9, 53) 27
  unbound ('cc', 9, 53) 26
  unbound ('cc', 9, 53) 25
  unbound ('cc', 9, 53) 24
  unbound ('cc', 9, 53) 23
  unbound ('cc', 9, 53) 21
  unbound ('cc', 9, 53) 20
  unbound ('cc', 9, 53) 18
  unbound ('cc', 9, 53) 17
  unbound ('cc', 9, 53) 18
  unbound ('cc', 9, 53) 19
  unbound ('cc', 9, 53) 21
  unbound ('cc', 9, 53) 23
  unbound ('cc', 9, 53) 25
  unbound ('cc', 9, 53) 26
  unbound ('cc', 9, 53) 27
  unbound ('cc', 9, 53) 29
  unbound ('cc', 9, 53) 31
  unbound ('cc', 9, 53) 32
  unbound ('cc', 9, 53) 34
  unbound ('cc', 9, 53) 33
  unbound ('cc', 9, 53) 32
  unbound ('cc', 9, 53) 31
  unbound ('cc', 9, 53) 30
  unbound ('cc', 9, 53) 29
  unbound ('cc', 9, 53) 27
  unbound ('cc', 9, 53) 25
  unbound ('cc', 9, 53) 23
  unbound ('cc', 9, 53) 22
  unbound ('cc', 9, 53) 21
  unbound ('cc', 9, 53) 19
  unbound ('cc', 9, 53) 17
  unbound ('cc', 9, 53) 15
  unbound ('cc', 9, 53) 13
  unbound ('cc', 9, 53) 11
  unbound ('cc', 9, 53) 10
  unbound ('cc', 9, 53) 9
  unbound ('cc', 9, 53) 7
  unbound ('cc', 9, 53) 6
  unbound ('cc', 9, 53) 7
  unbound ('cc', 9, 53) 8
  unbound ('cc', 9, 53) 10
  unbound ('cc', 9, 53) 11
  unbound ('cc', 9, 53) 12
  unbound ('cc', 9, 53) 14
  unbound ('cc', 9, 53) 16
  unbound ('cc', 9, 53) 17
  unbound ('cc', 9, 53) 18
  unbound ('cc', 9, 53) 20
  unbound ('cc', 9, 53) 22
  unbound ('cc', 9, 53) 24
  unbound ('cc', 9, 53) 25
  unbound ('cc', 9, 53) 26
  unbound ('cc', 9, 53) 28
  unbound ('cc', 9, 53) 30
  unbound ('cc', 9, 53) 31
  unbound ('cc', 9, 53) 33
  unbound ('cc', 9, 53) 35
  unbound ('cc', 9, 53) 36
  unbound ('cc', 9, 54) 81
  unbound ('cc', 9, 54) 80
  unbound ('cc', 9, 54) 79
  unbound ('cc', 9, 54) 78
  unbound ('cc', 9, 54) 77
  unbound ('cc', 9, 54) 76
  unbound ('cc', 9, 54) 75
  unbound ('cc', 9, 54) 76
  unbound ('cc', 9, 54) 77
  unbound ('cc', 9, 54) 78
  unbound ('cc', 9, 54) 80
  unbound ('cc', 9, 54) 81
  unbound ('cc', 9, 54) 82
  unbound ('cc', 9, 53) 35
  unbound ('cc', 9, 53) 34
  unbound ('cc', 9, 53) 33
  unbound ('cc', 9, 53) 34
  unbound ('cc', 9, 53) 35
  unbound ('cc', 9, 53) 34
  unbound ('cc', 9, 55) 7
  unbound ('cc', 9, 55) 8
  unbound ('cc', 9, 55) 9
  unbound ('cc', 9, 55) 10
  unbound ('cc', 9, 55) 9
  unbound ('cc', 9, 55) 8
  unbound ('cc', 9, 55) 7
  unbound ('cc', 9, 55) 6
  unbound ('cc', 9, 55) 4
  unbound ('cc', 9, 55) 2
  unbound ('cc', 9, 55) 0
  unbound ('cc', 9, 55) 1
  unbound ('cc', 9, 55) 2
  unbound ('cc', 9, 55) 3
  unbound ('cc', 9, 55) 5
  unbound ('cc', 9, 55) 7
  unbound ('cc', 9, 55) 9
  unbound ('cc', 9, 55) 11
  unbound ('cc', 9, 55) 13
  unbound ('cc', 9, 55) 15
  unbound ('cc', 9, 55) 17
  unbound ('cc', 9, 55) 19
  unbound ('cc', 9, 55) 21
  unbound ('cc', 9, 55) 23
  unbound ('cc', 9, 55) 25
  unbound ('cc', 9, 55) 27
  unbound ('cc', 9, 55) 29
  unbound ('cc', 9, 55) 31
  unbound ('cc', 9, 55) 33
  unbound ('cc', 9, 55) 35
  unbound ('cc', 9, 55) 36
  unbound ('cc', 9, 55) 37
  unbound ('cc', 9, 55) 38
  unbound ('cc', 9, 55) 39
  unbound ('cc', 9, 55) 41
  unbound ('cc', 9, 55) 43
  unbound ('cc', 9, 55) 45
  unbound ('cc', 9, 55) 47
  unbound ('cc', 9, 55) 49
  unbound ('cc', 9, 55) 51
  unbound ('cc', 9, 55) 53
  unbound ('cc', 9, 55) 55
  unbound ('cc', 9, 55) 57
  unbound ('cc', 9, 55) 59
  unbound ('cc', 9, 55) 61
  unbound ('cc', 9, 55) 63
  unbound ('cc', 9, 55) 65
  unbound ('cc', 9, 55) 66
  unbound ('cc', 9, 55) 68
  unbound ('cc', 9, 55) 69
  unbound ('cc', 9, 55) 71
  unbound ('cc', 9, 55) 73
  unbound ('cc', 9, 55) 74
  unbound ('cc', 9, 55) 75
  unbound ('cc', 9, 55) 74
  unbound ('cc', 9, 55) 73
  unbound ('cc', 9, 55) 72
  unbound ('cc', 9, 55) 71
  unbound ('cc', 9, 55) 69
  unbound ('cc', 9, 55) 67
  unbound ('cc', 9, 55) 65
  unbound ('cc', 9, 55) 63
  unbound ('cc', 9, 55) 61
  unbound ('cc', 9, 55) 59
  unbound ('cc', 9, 55) 58
  unbound ('cc', 9, 55) 57
  unbound ('cc', 9, 55) 56
  unbound ('cc', 9, 55) 55
  unbound ('cc', 9, 55) 54
  unbound ('cc', 9, 55) 53
  unbound ('cc', 9, 55) 52
  unbound ('cc', 9, 55) 50
  unbound ('cc', 9, 55) 49
  unbound ('cc', 9, 55) 48
  unbound ('cc', 9, 55) 46
  unbound ('cc', 9, 55) 45
  unbound ('cc', 9, 56) 8
  unbound ('cc', 9, 56) 9
  unbound ('cc', 9, 56) 10
  unbound ('cc', 9, 56) 11
  unbound ('cc', 9, 56) 12
  unbound ('cc', 9, 56) 13
  unbound ('cc', 9, 56) 14
  unbound ('cc', 9, 56) 13
  unbound ('cc', 9, 56) 12
  unbound ('cc', 9, 56) 11
  unbound ('cc', 9, 56) 10
  unbound ('cc', 9, 56) 8
  unbound ('cc', 9, 56) 6
  unbound ('cc', 9, 56) 4
  unbound ('cc', 9, 56) 2
  unbound ('cc', 9, 56) 0
  unbound ('cc', 9, 54) 83
  unbound ('cc', 9, 54) 84
  unbound ('cc', 9, 54) 85
  unbound ('cc', 9, 54) 86
  unbound ('cc', 9, 54) 88
  unbound ('cc', 9, 54) 90
  unbound ('cc', 9, 54) 92
  unbound ('cc', 9, 54) 94
  unbound ('cc', 9, 54) 96
  unbound ('cc', 9, 54) 98
  unbound ('cc', 9, 54) 100
  unbound ('cc', 9, 54) 102
  unbound ('cc', 9, 54) 104
  unbound ('cc', 9, 54) 106
  unbound ('cc', 9, 54) 107
  unbound ('cc', 9, 54) 106
  unbound ('cc', 9, 54) 105
  unbound ('cc', 9, 54) 104
  unbound ('cc', 9, 54) 103
  unbound ('cc', 9, 54) 101
  unbound ('cc', 9, 54) 99
  unbound ('cc', 9, 54) 97
  unbound ('cc', 9, 54) 95
  unbound ('cc', 9, 54) 93
  unbound ('cc', 9, 54) 91
  unbound ('cc', 9, 54) 89
  unbound ('cc', 9, 54) 87
  unbound ('cc', 9, 54) 85
  unbound ('cc', 9, 54) 83
  unbound ('cc', 9, 54) 81
  unbound ('cc', 9, 54) 79
  unbound ('cc', 9, 54) 80
  unbound ('cc', 9, 54) 81
  unbound ('cc', 9, 54) 82
  unbound ('cc', 9, 54) 83
  unbound ('cc', 9, 54) 85
  unbound ('cc', 9, 54) 87
  unbound ('cc', 9, 54) 89
  unbound ('cc', 9, 54) 90
  unbound ('cc', 9, 53) 35
  unbound ('cc', 9, 53) 36
  unbound ('cc', 9, 53) 38
  unbound ('cc', 9, 53) 39
  unbound ('cc', 9, 53) 40
  unbound ('cc', 9, 53) 42
  unbound ('cc', 9, 53) 43
  unbound ('cc', 9, 53) 44
  unbound ('cc', 9, 53) 46
  unbound ('cc', 9, 53) 47
  unbound ('cc', 9, 53) 49
  unbound ('cc', 9, 53) 48
  unbound ('cc', 9, 53) 47
  unbound ('cc', 9, 53) 46
  unbound ('cc', 9, 53) 45
  unbound ('cc', 9, 53) 43
  unbound ('cc', 9, 53) 41
  unbound ('cc', 9, 53) 39
  unbound ('cc', 9, 53) 37
  unbound ('cc', 9, 53) 35
  unbound ('cc', 9, 53) 33
  unbound ('cc', 9, 53) 31
  unbound ('cc', 9, 53) 29
  unbound ('cc', 9, 53) 27
  unbound ('cc', 9, 53) 25
  unbound ('cc', 9, 53) 23
  unbound ('cc', 9, 53) 21
  unbound ('cc', 9, 53) 20
  unbound ('cc', 9, 53) 19
  unbound ('cc', 9, 53) 18
  unbound ('cc', 9, 53) 17
  unbound ('cc', 9, 53) 16
  unbound ('cc', 9, 53) 17
  unbound ('cc', 9, 53) 18
  unbound ('cc', 9, 53) 19
  unbound ('cc', 9, 53) 20
  unbound ('cc', 9, 53) 21
  unbound ('cc', 9, 53) 22
  unbound ('cc', 9, 53) 23
  unbound ('cc', 9, 53) 24
  unbound ('cc', 9, 53) 25
  unbound ('cc', 9, 53) 26
  unbound ('cc', 9, 53) 27
  unbound ('cc', 9, 53) 28
  unbound ('cc', 9, 53) 29
  unbound ('cc', 9, 53) 30
  unbound ('cc', 9, 53) 31
  unbound ('cc', 9, 53) 32
  unbound ('cc', 9, 53) 33
  unbound ('cc', 9, 53) 34
  unbound ('cc', 9, 53) 35
  unbound ('cc', 9, 53) 36
  unbound ('cc', 9, 53) 37
  unbound ('cc', 9, 53) 38
  unbound ('cc', 9, 53) 37
  unbound ('cc', 9, 53) 36
  unbound ('cc', 9, 53) 35
  unbound ('cc', 9, 53) 33
  unbound ('cc', 9, 53) 32
  unbound ('cc', 9, 53) 31
  unbound ('cc', 9, 53) 30
  unbound ('cc', 9, 53) 29
  unbound ('cc', 9, 53) 28
  unbound ('cc', 9, 53) 27
  unbound ('cc', 9, 53) 26
  unbound ('cc', 9, 53) 25
  unbound ('cc', 9, 53) 24
  unbound ('cc', 9, 53) 23
  unbound ('cc', 9, 53) 22
  unbound ('cc', 9, 53) 21
  unbound ('cc', 9, 53) 20
  unbound ('cc', 9, 53) 19
  unbound ('cc', 9, 53) 18
  unbound ('cc', 9, 53) 17
  unbound ('cc', 9, 53) 16
  unbound ('cc', 9, 53) 15
  unbound ('cc', 9, 53) 14
  unbound ('cc', 9, 53) 13
  unbound ('cc', 9, 53) 12
  unbound ('cc', 9, 53) 11
  unbound ('cc', 9, 53) 12
  unbound ('cc', 9, 53) 13
  unbound ('cc', 9, 53) 14
  unbound ('cc', 9, 53) 15
  unbound ('cc', 9, 53) 16
  unbound ('cc', 9, 53) 17
  page.color
  page.color
  mod.fine
  mod.fine
  mod.clutch
  mod.shift
  still.grab
  clip.prev -> node True/1
  clip.next -> node True/1
  clip.next -> node True/1
  clip.next -> node True/1
  clip.next -> node True/1
  clip.next -> node True/1
  clip.next -> node True/1
  clip.next -> node True/1
  clip.next -> node True/1
  clip.prev -> node True/1
  clip.prev -> node True/1
  clip.prev -> node True/1
  clip.prev -> node True/1
  clip.prev -> node True/1
  clip.prev -> node True/1
  clip.prev -> node True/1
  clip.next -> node True/1
  clip.next -> node True/1
  clip.next -> node True/1
  clip.next -> node True/1
  clip.next -> node True/1
  clip.prev -> node True/1
  clip.prev -> node True/1
  clip.prev -> node True/1
  clip.prev -> node True/1
  clip.prev -> node True/1
  clip.prev -> node True/1
  clip.prev -> node True/1
  clip.prev -> node True/1
  clip.next -> node True/1
  clip.next -> node True/1
  clip.next -> node True/1
  clip.next -> node True/1
  clip.next -> node True/1
  clip.next -> node True/1
  clip.next -> node True/1
  clip.prev -> node True/1
  clip.prev -> node True/1
  clip.prev -> node True/1
  clip.prev -> node True/1
  clip.prev -> node True/1
  clip.prev -> node True/1
  clip.next -> node True/1
  clip.next -> node True/1
  clip.next -> node True/1
  clip.next -> node True/1
  clip.next -> node True/1
  clip.next -> node True/1
  clip.prev -> node True/1
  clip.prev -> node True/1
  clip.prev -> node True/1
  clip.prev -> node True/1
  clip.prev -> node True/1
  clip.next -> node True/1
  clip.next -> node True/1
  clip.next -> node True/1
  clip.prev -> node True/1
  version.add
  unbound ('cc', 9, 51) 64
  unbound ('cc', 9, 51) 63
  unbound ('cc', 9, 51) 61
  unbound ('cc', 9, 51) 60
  unbound ('cc', 9, 51) 58
  unbound ('cc', 9, 51) 57
  unbound ('cc', 9, 51) 56
  unbound ('cc', 9, 51) 54
  unbound ('cc', 9, 51) 52
  unbound ('cc', 9, 51) 50
  unbound ('cc', 9, 51) 49
  unbound ('cc', 9, 51) 48
  unbound ('cc', 9, 51) 47
  unbound ('cc', 9, 51) 45
  unbound ('cc', 9, 51) 43
  unbound ('cc', 9, 51) 41
  unbound ('cc', 9, 51) 39
  unbound ('cc', 9, 51) 37
  unbound ('cc', 9, 51) 35
  unbound ('cc', 9, 51) 33
  unbound ('cc', 9, 51) 31
  unbound ('cc', 9, 51) 29
  unbound ('cc', 9, 51) 27
  unbound ('cc', 9, 51) 25
  unbound ('cc', 9, 51) 23
  unbound ('cc', 9, 51) 21
  unbound ('cc', 9, 51) 19
  unbound ('cc', 9, 51) 20
  unbound ('cc', 9, 51) 21
  unbound ('cc', 9, 52) 24
  unbound ('cc', 9, 52) 25
  unbound ('cc', 9, 52) 26
  unbound ('cc', 9, 52) 27
  unbound ('cc', 9, 52) 28
  unbound ('cc', 9, 52) 29
  unbound ('cc', 9, 52) 30
  unbound ('cc', 9, 52) 32
  unbound ('cc', 9, 52) 33
  unbound ('cc', 9, 52) 35
  unbound ('cc', 9, 52) 36
  unbound ('cc', 9, 52) 37
  unbound ('cc', 9, 52) 38
  unbound ('cc', 9, 52) 39
  unbound ('cc', 9, 52) 40
  unbound ('cc', 9, 52) 41
  unbound ('cc', 9, 52) 42
  unbound ('cc', 9, 52) 43
  unbound ('cc', 9, 52) 44
  unbound ('cc', 9, 52) 45
  unbound ('cc', 9, 52) 47
  unbound ('cc', 9, 52) 48
  unbound ('cc', 9, 52) 49
  unbound ('cc', 9, 52) 50
  unbound ('cc', 9, 52) 51
  unbound ('cc', 9, 52) 52
  unbound ('cc', 9, 52) 53
  unbound ('cc', 9, 52) 54
  unbound ('cc', 9, 52) 55
  unbound ('cc', 9, 52) 56
  unbound ('cc', 9, 52) 57
  node.prev -> node 1/1
  unbound ('cc', 9, 52) 56
  unbound ('cc', 9, 52) 55
  unbound ('cc', 9, 52) 54
  unbound ('cc', 9, 52) 53
  unbound ('cc', 9, 52) 51
  unbound ('cc', 9, 52) 49
  unbound ('cc', 9, 52) 47
  unbound ('cc', 9, 52) 45
  unbound ('cc', 9, 52) 43
  unbound ('cc', 9, 52) 41
  unbound ('cc', 9, 52) 40
  unbound ('cc', 9, 52) 39
  unbound ('cc', 9, 52) 40
  unbound ('cc', 9, 52) 41
  unbound ('cc', 9, 52) 42
  unbound ('cc', 9, 52) 44
  unbound ('cc', 9, 52) 46
  unbound ('cc', 9, 52) 48
  unbound ('cc', 9, 52) 50
  unbound ('cc', 9, 51) 22
  unbound ('cc', 9, 51) 23
  unbound ('cc', 9, 51) 24
  unbound ('cc', 9, 51) 26
  unbound ('cc', 9, 51) 27
  unbound ('cc', 9, 51) 29
  unbound ('cc', 9, 51) 31
  unbound ('cc', 9, 51) 33
  unbound ('cc', 9, 51) 35
  unbound ('cc', 9, 51) 37
  unbound ('cc', 9, 51) 39
  unbound ('cc', 9, 51) 41
  unbound ('cc', 9, 51) 43
  unbound ('cc', 9, 51) 45
  unbound ('cc', 9, 51) 47
  unbound ('cc', 9, 51) 49
  unbound ('cc', 9, 52) 51
  unbound ('cc', 9, 52) 52
  unbound ('cc', 9, 52) 54
  unbound ('cc', 9, 52) 55
  unbound ('cc', 9, 52) 57
  unbound ('cc', 9, 52) 58
  unbound ('cc', 9, 52) 59
  unbound ('cc', 9, 52) 58
  unbound ('cc', 9, 52) 57
  unbound ('cc', 9, 52) 56
  unbound ('cc', 9, 52) 55
  unbound ('cc', 9, 52) 53
  unbound ('cc', 9, 52) 51
  unbound ('cc', 9, 52) 49
  unbound ('cc', 9, 52) 47
  unbound ('cc', 9, 52) 45
  unbound ('cc', 9, 52) 43
  unbound ('cc', 9, 52) 41
  unbound ('cc', 9, 52) 39
  unbound ('cc', 9, 52) 37
  unbound ('cc', 9, 52) 36
  unbound ('cc', 9, 52) 35
  unbound ('cc', 9, 52) 34
  unbound ('cc', 9, 52) 33
  unbound ('cc', 9, 52) 32
  node.prev -> node 1/1
  page.color
  version.add
  version.add
  version.add
  version.add
  version.add
  version.add
  version.add
  mod.fine
  mod.fine
  mod.clutch
  mod.shift
  still.grab
  clip.prev -> node True/1
  clip.next -> node True/1
  clip.next -> node True/1
  version.add
  page.color
  viewer.bypass -> node True/1
  grade.reset_node
  node.toggle
  node.toggle
  node.toggle
  node.toggle
  node.toggle
  node.toggle
  node.toggle
  node.toggle
  node.toggle
  node.toggle
  node.toggle
  node.toggle
  mod.fine
  mod.fine
  unbound ('cc', 9, 51) 48
  unbound ('cc', 9, 51) 47
  unbound ('cc', 9, 51) 46
  unbound ('cc', 9, 51) 45
  unbound ('cc', 9, 51) 44
  unbound ('cc', 9, 51) 42
  unbound ('cc', 9, 51) 41
  unbound ('cc', 9, 51) 39
  unbound ('cc', 9, 51) 37
  unbound ('cc', 9, 51) 35
  unbound ('cc', 9, 51) 33
  unbound ('cc', 9, 51) 34
  unbound ('cc', 9, 51) 35
  unbound ('cc', 9, 51) 36
  unbound ('cc', 9, 51) 38
  unbound ('cc', 9, 51) 40
  unbound ('cc', 9, 51) 42
  unbound ('cc', 9, 51) 44
  unbound ('cc', 9, 51) 46
  unbound ('cc', 9, 51) 48
  unbound ('cc', 9, 51) 50
  unbound ('cc', 9, 51) 52
  unbound ('cc', 9, 51) 54
  unbound ('cc', 9, 51) 56
  unbound ('cc', 9, 51) 58
  unbound ('cc', 9, 51) 60
  unbound ('cc', 9, 51) 62
  unbound ('cc', 9, 51) 64
  unbound ('cc', 9, 51) 66
  unbound ('cc', 9, 51) 68
  unbound ('cc', 9, 51) 70
  unbound ('cc', 9, 51) 72
  unbound ('cc', 9, 51) 74
  unbound ('cc', 9, 51) 76
  unbound ('cc', 9, 51) 78
  unbound ('cc', 9, 51) 80
  unbound ('cc', 9, 51) 79
  unbound ('cc', 9, 51) 78
  unbound ('cc', 9, 51) 77
  unbound ('cc', 9, 51) 75
  unbound ('cc', 9, 51) 73
  unbound ('cc', 9, 51) 71
  unbound ('cc', 9, 51) 69
  unbound ('cc', 9, 51) 65
  unbound ('cc', 9, 51) 61
  unbound ('cc', 9, 51) 57
  unbound ('cc', 9, 51) 53
  unbound ('cc', 9, 51) 49
  unbound ('cc', 9, 51) 45
  unbound ('cc', 9, 51) 41
  unbound ('cc', 9, 51) 37
  unbound ('cc', 9, 51) 33
  unbound ('cc', 9, 51) 29
  unbound ('cc', 9, 51) 25
  unbound ('cc', 9, 51) 21
  unbound ('cc', 9, 51) 17
  unbound ('cc', 9, 51) 15
  unbound ('cc', 9, 51) 13
  unbound ('cc', 9, 51) 11
  unbound ('cc', 9, 51) 9
  unbound ('cc', 9, 51) 7
  unbound ('cc', 9, 51) 5
  unbound ('cc', 9, 51) 3
  unbound ('cc', 9, 51) 2
  unbound ('cc', 9, 51) 3
  unbound ('cc', 9, 51) 4
  unbound ('cc', 9, 51) 5
  unbound ('cc', 9, 51) 6
  unbound ('cc', 9, 51) 8
  unbound ('cc', 9, 51) 10
  unbound ('cc', 9, 51) 12
  unbound ('cc', 9, 51) 14
  unbound ('cc', 9, 51) 16
  unbound ('cc', 9, 51) 18
  unbound ('cc', 9, 51) 20
  unbound ('cc', 9, 51) 22
  unbound ('cc', 9, 51) 24
  unbound ('cc', 9, 51) 26
  unbound ('cc', 9, 51) 28
  unbound ('cc', 9, 51) 30
  unbound ('cc', 9, 51) 32
  unbound ('cc', 9, 51) 34
  unbound ('cc', 9, 51) 36
  unbound ('cc', 9, 51) 38
  unbound ('cc', 9, 51) 40
  unbound ('cc', 9, 51) 42
  unbound ('cc', 9, 51) 44
  unbound ('cc', 9, 51) 46
  unbound ('cc', 9, 51) 48
  unbound ('cc', 9, 51) 49
  unbound ('cc', 9, 51) 48
  unbound ('cc', 9, 51) 47
  unbound ('cc', 9, 51) 46
  unbound ('cc', 9, 51) 45
  unbound ('cc', 9, 51) 43
  unbound ('cc', 9, 51) 39
  unbound ('cc', 9, 51) 35
  unbound ('cc', 9, 51) 31
  unbound ('cc', 9, 51) 27
  unbound ('cc', 9, 51) 23
  unbound ('cc', 9, 51) 19
  unbound ('cc', 9, 51) 15
  unbound ('cc', 9, 51) 11
  unbound ('cc', 9, 51) 9
  unbound ('cc', 9, 51) 5
  unbound ('cc', 9, 51) 1
  unbound ('cc', 9, 51) 0
  unbound ('cc', 9, 51) 1
  unbound ('cc', 9, 51) 2
  unbound ('cc', 9, 51) 3
  unbound ('cc', 9, 51) 5
  unbound ('cc', 9, 51) 7
  unbound ('cc', 9, 51) 9
  unbound ('cc', 9, 51) 11
  unbound ('cc', 9, 51) 13
  unbound ('cc', 9, 51) 15
  unbound ('cc', 9, 51) 17
  unbound ('cc', 9, 51) 19
  unbound ('cc', 9, 51) 21
  unbound ('cc', 9, 51) 23
  unbound ('cc', 9, 51) 25
  unbound ('cc', 9, 51) 27
  unbound ('cc', 9, 51) 29
  unbound ('cc', 9, 51) 31
  unbound ('cc', 9, 51) 33
  unbound ('cc', 9, 51) 35
  unbound ('cc', 9, 51) 37
  unbound ('cc', 9, 51) 39
  unbound ('cc', 9, 51) 41
  unbound ('cc', 9, 51) 43
  unbound ('cc', 9, 51) 45
  unbound ('cc', 9, 51) 44
  unbound ('cc', 9, 51) 43
  unbound ('cc', 9, 51) 42
  unbound ('cc', 9, 51) 41
  unbound ('cc', 9, 51) 37
  unbound ('cc', 9, 51) 33
  unbound ('cc', 9, 51) 29
  unbound ('cc', 9, 51) 25
  unbound ('cc', 9, 51) 21
  unbound ('cc', 9, 51) 17
  unbound ('cc', 9, 51) 13
  unbound ('cc', 9, 51) 9
  unbound ('cc', 9, 51) 5
  unbound ('cc', 9, 51) 3
  unbound ('cc', 9, 51) 1
  unbound ('cc', 9, 51) 0
  unbound ('cc', 9, 51) 1
  unbound ('cc', 9, 51) 2
  unbound ('cc', 9, 51) 3
  unbound ('cc', 9, 51) 5
  unbound ('cc', 9, 51) 7
  unbound ('cc', 9, 51) 9
  unbound ('cc', 9, 51) 11
  unbound ('cc', 9, 51) 13
  unbound ('cc', 9, 51) 15
  unbound ('cc', 9, 51) 17
  unbound ('cc', 9, 51) 19
  unbound ('cc', 9, 51) 21
  unbound ('cc', 9, 51) 23
  unbound ('cc', 9, 51) 25
  unbound ('cc', 9, 51) 27
  unbound ('cc', 9, 51) 29
  unbound ('cc', 9, 51) 31
  unbound ('cc', 9, 51) 33
  unbound ('cc', 9, 51) 35
  unbound ('cc', 9, 51) 36
  unbound ('cc', 9, 51) 37
  unbound ('cc', 9, 51) 38
  unbound ('cc', 9, 51) 40
  unbound ('cc', 9, 51) 42
  unbound ('cc', 9, 51) 44
  unbound ('cc', 9, 51) 46
  unbound ('cc', 9, 51) 48
  unbound ('cc', 9, 51) 50
  unbound ('cc', 9, 51) 52
  unbound ('cc', 9, 51) 54
  unbound ('cc', 9, 51) 56
  unbound ('cc', 9, 51) 58
  unbound ('cc', 9, 51) 57
  unbound ('cc', 9, 51) 56
  unbound ('cc', 9, 51) 55
  version.add
  page.color
